#
# There is insufficient memory for the Java Runtime Environment to continue.
# Native memory allocation (malloc) failed to allocate 1231128 bytes. Error detail: Chunk::new
# Possible reasons:
#   The system is out of physical RAM or swap space
#   This process is running with CompressedOops enabled, and the Java Heap may be blocking the growth of the native heap
# Possible solutions:
#   Reduce memory load on the system
#   Increase physical memory or swap space
#   Check if swap backing store is full
#   Decrease Java heap size (-Xmx/-Xms)
#   Decrease number of Java threads
#   Decrease Java thread stack sizes (-Xss)
#   Set larger code cache with -XX:ReservedCodeCacheSize=
#   JVM is running with Zero Based Compressed Oops mode in which the Java heap is
#     placed in the first 32GB address space. The Java Heap base address is the
#     maximum limit for the native heap growth. Please use -XX:HeapBaseMinAddress
#     to set the Java Heap base and to place the Java Heap above 32GB virtual address.
# This output file may be truncated or incomplete.
#
#  Out of Memory Error (arena.cpp:186), pid=4344, tid=3216
#
# JRE version: Java(TM) SE Runtime Environment (25.0.1+8) (build 25.0.1+8-LTS-27)
# Java VM: Java HotSpot(TM) 64-Bit Server VM (25.0.1+8-LTS-27, mixed mode, sharing, tiered, compressed oops, compressed class ptrs, g1 gc, windows-amd64)
# No core dump will be written. Minidumps are not enabled by default on client versions of Windows
#

---------------  S U M M A R Y ------------

Command Line: --enable-native-access=ALL-UNNAMED -Dclassworlds.conf=C:\Maven\apache-maven-3.9.14-bin\apache-maven-3.9.14\bin\m2.conf -Dmaven.home=C:\Maven\apache-maven-3.9.14-bin\apache-maven-3.9.14 -Dlibrary.jansi.path=C:\Maven\apache-maven-3.9.14-bin\apache-maven-3.9.14\lib\jansi-native -Dmaven.multiModuleProjectDirectory=D:\Quarkus\Projects\lumio\lumio org.codehaus.plexus.classworlds.launcher.Launcher quarkus:dev

Host: AMD Ryzen 7 5800H with Radeon Graphics         , 16 cores, 15G,  Windows 11 , 64 bit Build 26100 (10.0.26100.8246)
Time: Thu May  7 18:28:39 2026 Hora oficial do Brasil elapsed time: 18.459832 seconds (0d 0h 0m 18s)

---------------  T H R E A D  ---------------

Current thread (0x00000212417e5360):  JavaThread "C2 CompilerThread1" daemon [_thread_in_native, id=3216, stack(0x0000007458300000,0x0000007458400000) (1024K)]


Current CompileTask:
C2:18459 14031       4       io.quarkus.bootstrap.json.Json$JsonObjectBuilder::appendTo (127 bytes)

Stack: [0x0000007458300000,0x0000007458400000]
Native frames: (J=compiled Java code, j=interpreted, Vv=VM code, C=native code)
V  [jvm.dll+0x7a6b59]  (no source info available)
V  [jvm.dll+0x77290d]  (no source info available)
V  [jvm.dll+0x966153]  (no source info available)
V  [jvm.dll+0x968751]  (no source info available)
V  [jvm.dll+0x968e53]  (no source info available)
V  [jvm.dll+0x2fc756]  (no source info available)
V  [jvm.dll+0x111b26]  (no source info available)
V  [jvm.dll+0x111e4e]  (no source info available)
V  [jvm.dll+0x45242d]  (no source info available)
V  [jvm.dll+0x421762]  (no source info available)
V  [jvm.dll+0x420b7a]  (no source info available)
V  [jvm.dll+0x2c08a9]  (no source info available)
V  [jvm.dll+0x2bfa8f]  (no source info available)
V  [jvm.dll+0x237b60]  (no source info available)
V  [jvm.dll+0x2cfb56]  (no source info available)
V  [jvm.dll+0x2cddd5]  (no source info available)
V  [jvm.dll+0x48e6d1]  (no source info available)
V  [jvm.dll+0x906a0d]  (no source info available)
V  [jvm.dll+0x7a5135]  (no source info available)
C  [ucrtbase.dll+0x37b0]  (no source info available)
C  [KERNEL32.DLL+0x2e8d7]  (no source info available)
C  [ntdll.dll+0x8c3fc]  (no source info available)

Lock stack of current Java thread (top to bottom):


---------------  P R O C E S S  ---------------

Threads class SMR info:
_java_thread_list=0x000002123eb2c490, length=33, elements={
0x0000021215047ca0, 0x0000021236c98380, 0x0000021236c98c90, 0x0000021236c9d170,
0x0000021236ca23f0, 0x0000021236ca3b20, 0x0000021236ca5250, 0x0000021236cbed00,
0x0000021236cc5e80, 0x00000212373a0480, 0x00000212373a3f90, 0x000002123d586bc0,
0x000002123da75220, 0x000002123da72340, 0x000002123da77160, 0x000002123da77930,
0x000002123da788d0, 0x0000021236cadcf0, 0x000002123f00a840, 0x000002123f0098a0,
0x000002123f0090d0, 0x000002123f00e6c0, 0x000002123f00ee90, 0x000002123f00f660,
0x000002124112b370, 0x000002124112cae0, 0x000002124112c310, 0x00000212417e5360,
0x00000212417e3320, 0x000002123e2c0dd0, 0x0000021241130960, 0x00000212411320d0,
0x0000021242a143b0
}

Java Threads: ( => current thread )
  0x0000021215047ca0 JavaThread "main"                              [_thread_blocked, id=17312, stack(0x0000007457300000,0x0000007457400000) (1024K)]
  0x0000021236c98380 JavaThread "Reference Handler"          daemon [_thread_blocked, id=25208, stack(0x0000007457b00000,0x0000007457c00000) (1024K)]
  0x0000021236c98c90 JavaThread "Finalizer"                  daemon [_thread_blocked, id=21456, stack(0x0000007457c00000,0x0000007457d00000) (1024K)]
  0x0000021236c9d170 JavaThread "Signal Dispatcher"          daemon [_thread_blocked, id=29720, stack(0x0000007457d00000,0x0000007457e00000) (1024K)]
  0x0000021236ca23f0 JavaThread "Attach Listener"            daemon [_thread_blocked, id=11208, stack(0x0000007457e00000,0x0000007457f00000) (1024K)]
  0x0000021236ca3b20 JavaThread "Service Thread"             daemon [_thread_blocked, id=33344, stack(0x0000007457f00000,0x0000007458000000) (1024K)]
  0x0000021236ca5250 JavaThread "Monitor Deflation Thread"   daemon [_thread_blocked, id=6620, stack(0x0000007458000000,0x0000007458100000) (1024K)]
  0x0000021236cbed00 JavaThread "C2 CompilerThread0"         daemon [_thread_in_native, id=32076, stack(0x0000007458100000,0x0000007458200000) (1024K)]
  0x0000021236cc5e80 JavaThread "C1 CompilerThread0"         daemon [_thread_blocked, id=16780, stack(0x0000007458200000,0x0000007458300000) (1024K)]
  0x00000212373a0480 JavaThread "Notification Thread"        daemon [_thread_blocked, id=18920, stack(0x0000007458500000,0x0000007458600000) (1024K)]
  0x00000212373a3f90 JavaThread "Common-Cleaner"             daemon [_thread_blocked, id=5424, stack(0x0000007458600000,0x0000007458700000) (1024K)]
  0x000002123d586bc0 JavaThread "Thread-1"                   daemon [_thread_blocked, id=13448, stack(0x0000007459300000,0x0000007459400000) (1024K)]
  0x000002123da75220 JavaThread "ForkJoinPool.commonPool-worker-1" daemon [_thread_blocked, id=29476, stack(0x0000007458c00000,0x0000007458d00000) (1024K)]
  0x000002123da72340 JavaThread "ForkJoinPool.commonPool-worker-2" daemon [_thread_blocked, id=29472, stack(0x0000007458d00000,0x0000007458e00000) (1024K)]
  0x000002123da77160 JavaThread "ForkJoinPool.commonPool-worker-3" daemon [_thread_blocked, id=5148, stack(0x0000007459a00000,0x0000007459b00000) (1024K)]
  0x000002123da77930 JavaThread "ForkJoinPool.commonPool-worker-4" daemon [_thread_blocked, id=15820, stack(0x0000007459b00000,0x0000007459c00000) (1024K)]
  0x000002123da788d0 JavaThread "ForkJoinPool.commonPool-worker-5" daemon [_thread_blocked, id=12480, stack(0x0000007459c00000,0x0000007459d00000) (1024K)]
  0x0000021236cadcf0 JavaThread "ForkJoinPool.commonPool-worker-6" daemon [_thread_blocked, id=7204, stack(0x0000007459d00000,0x0000007459e00000) (1024K)]
  0x000002123f00a840 JavaThread "ForkJoinPool.commonPool-worker-7" daemon [_thread_blocked, id=31368, stack(0x0000007459e00000,0x0000007459f00000) (1024K)]
  0x000002123f0098a0 JavaThread "ForkJoinPool.commonPool-worker-8" daemon [_thread_blocked, id=28244, stack(0x0000007459f00000,0x000000745a000000) (1024K)]
  0x000002123f0090d0 JavaThread "ForkJoinPool.commonPool-worker-9" daemon [_thread_blocked, id=13996, stack(0x000000745a000000,0x000000745a100000) (1024K)]
  0x000002123f00e6c0 JavaThread "ForkJoinPool.commonPool-worker-10" daemon [_thread_blocked, id=15324, stack(0x000000745a400000,0x000000745a500000) (1024K)]
  0x000002123f00ee90 JavaThread "ForkJoinPool.commonPool-worker-11" daemon [_thread_blocked, id=27224, stack(0x000000745a500000,0x000000745a600000) (1024K)]
  0x000002123f00f660 JavaThread "ForkJoinPool.commonPool-worker-12" daemon [_thread_blocked, id=11932, stack(0x000000745a600000,0x000000745a700000) (1024K)]
  0x000002124112b370 JavaThread "ForkJoinPool.commonPool-worker-13" daemon [_thread_blocked, id=240, stack(0x000000745a700000,0x000000745a800000) (1024K)]
  0x000002124112cae0 JavaThread "ForkJoinPool.commonPool-worker-14" daemon [_thread_blocked, id=7892, stack(0x000000745a800000,0x000000745a900000) (1024K)]
  0x000002124112c310 JavaThread "ForkJoinPool.commonPool-worker-15" daemon [_thread_blocked, id=11076, stack(0x000000745a900000,0x000000745aa00000) (1024K)]
=>0x00000212417e5360 JavaThread "C2 CompilerThread1"         daemon [_thread_in_native, id=3216, stack(0x0000007458300000,0x0000007458400000) (1024K)]
  0x00000212417e3320 JavaThread "C2 CompilerThread2"         daemon [_thread_in_native, id=4940, stack(0x0000007458400000,0x0000007458500000) (1024K)]
  0x000002123e2c0dd0 JavaThread "HttpClient-1-SelectorManager" daemon [_thread_in_native, id=33528, stack(0x0000007458a00000,0x0000007458b00000) (1024K)]
  0x0000021241130960 JavaThread "HttpClient-1-Worker-0"      daemon [_thread_blocked, id=24396, stack(0x0000007458b00000,0x0000007458c00000) (1024K)]
  0x00000212411320d0 JavaThread "HttpClient-1-Worker-1"      daemon [_thread_blocked, id=3008, stack(0x0000007458700000,0x0000007458800000) (1024K)]
  0x0000021242a143b0 JavaThread "C1 CompilerThread1"         daemon [_thread_blocked, id=11536, stack(0x0000007458800000,0x0000007458900000) (1024K)]
Total: 33

Other Threads:
  0x0000021236c86fd0 VMThread "VM Thread"                           [id=7312, stack(0x0000007457a00000,0x0000007457b00000) (1024K)]
  0x0000021236c77120 WatcherThread "VM Periodic Task Thread"        [id=26740, stack(0x0000007457900000,0x0000007457a00000) (1024K)]
  0x0000021215639360 WorkerThread "GC Thread#0"                     [id=27236, stack(0x0000007457400000,0x0000007457500000) (1024K)]
  0x000002123cb16910 WorkerThread "GC Thread#1"                     [id=19648, stack(0x0000007458f00000,0x0000007459000000) (1024K)]
  0x000002123cb16d40 WorkerThread "GC Thread#2"                     [id=14240, stack(0x0000007459000000,0x0000007459100000) (1024K)]
  0x000002123cb17170 WorkerThread "GC Thread#3"                     [id=19684, stack(0x0000007459100000,0x0000007459200000) (1024K)]
  0x000002123cb179b0 WorkerThread "GC Thread#4"                     [id=27088, stack(0x0000007459200000,0x0000007459300000) (1024K)]
  0x000002123c3c4040 WorkerThread "GC Thread#5"                     [id=14880, stack(0x0000007459400000,0x0000007459500000) (1024K)]
  0x000002123c3c5e70 WorkerThread "GC Thread#6"                     [id=18776, stack(0x0000007459500000,0x0000007459600000) (1024K)]
  0x000002123c3c2210 WorkerThread "GC Thread#7"                     [id=25952, stack(0x0000007459600000,0x0000007459700000) (1024K)]
  0x000002123c3c62c0 WorkerThread "GC Thread#8"                     [id=29996, stack(0x0000007459700000,0x0000007459800000) (1024K)]
  0x000002123c3c4490 WorkerThread "GC Thread#9"                     [id=21880, stack(0x0000007459800000,0x0000007459900000) (1024K)]
  0x000002123d550bc0 WorkerThread "GC Thread#10"                    [id=13568, stack(0x0000007458e00000,0x0000007458f00000) (1024K)]
  0x000002123d54e4f0 WorkerThread "GC Thread#11"                    [id=5436, stack(0x0000007459900000,0x0000007459a00000) (1024K)]
  0x000002123dc41e30 WorkerThread "GC Thread#12"                    [id=26768, stack(0x000000745a100000,0x000000745a200000) (1024K)]
  0x00000212156541d0 ConcurrentGCThread "G1 Main Marker"            [id=10148, stack(0x0000007457500000,0x0000007457600000) (1024K)]
  0x0000021215655380 WorkerThread "G1 Conc#0"                       [id=9452, stack(0x0000007457600000,0x0000007457700000) (1024K)]
  0x000002123dc451f0 WorkerThread "G1 Conc#1"                       [id=33112, stack(0x000000745a200000,0x000000745a300000) (1024K)]
  0x000002123dc44950 WorkerThread "G1 Conc#2"                       [id=31748, stack(0x000000745a300000,0x000000745a400000) (1024K)]
  0x0000021236b459b0 ConcurrentGCThread "G1 Refine#0"               [id=4836, stack(0x0000007457700000,0x0000007457800000) (1024K)]
  0x0000021236b46270 ConcurrentGCThread "G1 Service"                [id=29688, stack(0x0000007457800000,0x0000007457900000) (1024K)]
Total: 21

Threads with active compile tasks:
C2 CompilerThread0  18554 14191       4       sun.security.ec.ECOperations::setDouble (463 bytes)
C2 CompilerThread1  18554 14031       4       io.quarkus.bootstrap.json.Json$JsonObjectBuilder::appendTo (127 bytes)
C2 CompilerThread2  18554 14192       4       java.math.BigInteger::add (215 bytes)
Total: 3

VM state: not at safepoint (normal execution)

VM Mutex/Monitor currently owned by a thread: None

Heap address: 0x000000070a400000, size: 3932 MB, Compressed Oops mode: Zero based, Oop shift amount: 3

CDS archive(s) mapped at: [0x0000000018000000-0x0000000018dd0000-0x0000000018dd0000), size 14483456, SharedBaseAddress: 0x0000000018000000, ArchiveRelocationMode: 1.
Compressed class space mapped at: 0x0000000019000000-0x0000000059000000, reserved size: 1073741824
UseCompressedClassPointers 1, UseCompactObjectHeaders 0
Narrow klass pointer bits 32, Max shift 3
Narrow klass base: 0x0000000018000000, Narrow klass shift: 0
Encoding Range: [0x0000000018000000 - 0x0000000118000000), (4294967296 bytes)
Klass Range:    [0x0000000018010000 - 0x0000000059000000), (1090453504 bytes)
Klass ID Range:  [65536 - 1090519033) (1090453497)
Protection zone: [0x0000000018000000 - 0x0000000018010000), (65536 bytes)

GC Precious Log:
 CardTable entry size: 512
 Card Set container configuration: InlinePtr #cards 4 size 8 Array Of Cards #cards 16 size 48 Howl #buckets 8 coarsen threshold 3686 Howl Bitmap #cards 512 size 80 coarsen threshold 460 Card regions per heap region 1 cards per card region 4096
 CPUs: 16 total, 16 available
 Memory: 15720M
 Large Page Support: Disabled
 NUMA Support: Disabled
 Compressed Oops: Enabled (Zero based)
 Heap Region Size: 2M
 Heap Min Capacity: 8M
 Heap Initial Capacity: 246M
 Heap Max Capacity: 3932M
 Pre-touch: Disabled
 Parallel Workers: 13
 Concurrent Workers: 3
 Concurrent Refinement Workers: 13
 Periodic GC: Disabled

Heap:
 garbage-first heap   total reserved 4026368K, committed 587776K, used 213793K [0x000000070a400000, 0x0000000800000000)
  region size 2048K, 22 young (45056K), 9 survivors (18432K)

Heap Regions: E=young(eden), S=young(survivor), O=old, HS=humongous(starts), HC=humongous(continues), CS=collection set, F=free, TAMS=top-at-mark-start, PB=parsable bottom
|   0|0x000000070a400000, 0x000000070a600000, 0x000000070a600000|100%| O|  |TAMS 0x000000070a400000| PB 0x000000070a400000| Untracked |  0
|   1|0x000000070a600000, 0x000000070a800000, 0x000000070a800000|100%| O|  |TAMS 0x000000070a600000| PB 0x000000070a600000| Untracked |  0
|   2|0x000000070a800000, 0x000000070aa00000, 0x000000070aa00000|100%| O|  |TAMS 0x000000070a800000| PB 0x000000070a800000| Untracked |  0
|   3|0x000000070aa00000, 0x000000070ac00000, 0x000000070ac00000|100%| O|  |TAMS 0x000000070aa00000| PB 0x000000070aa00000| Untracked |  0
|   4|0x000000070ac00000, 0x000000070ae00000, 0x000000070ae00000|100%| O|  |TAMS 0x000000070ac00000| PB 0x000000070ac00000| Untracked |  0
|   5|0x000000070ae00000, 0x000000070b000000, 0x000000070b000000|100%| O|  |TAMS 0x000000070ae00000| PB 0x000000070ae00000| Untracked |  0
|   6|0x000000070b000000, 0x000000070b200000, 0x000000070b200000|100%| O|  |TAMS 0x000000070b000000| PB 0x000000070b000000| Untracked |  0
|   7|0x000000070b200000, 0x000000070b400000, 0x000000070b400000|100%| O|  |TAMS 0x000000070b200000| PB 0x000000070b200000| Untracked |  0
|   8|0x000000070b400000, 0x000000070b600000, 0x000000070b600000|100%| O|  |TAMS 0x000000070b400000| PB 0x000000070b400000| Untracked |  0
|   9|0x000000070b600000, 0x000000070b7abcb0, 0x000000070b800000| 83%| O|  |TAMS 0x000000070b600000| PB 0x000000070b600000| Untracked |  0
|  10|0x000000070b800000, 0x000000070ba00000, 0x000000070ba00000|100%| O|  |TAMS 0x000000070b800000| PB 0x000000070b800000| Untracked |  0
|  11|0x000000070ba00000, 0x000000070bc00000, 0x000000070bc00000|100%| O|  |TAMS 0x000000070ba00000| PB 0x000000070ba00000| Untracked |  0
|  12|0x000000070bc00000, 0x000000070be00000, 0x000000070be00000|100%| O|  |TAMS 0x000000070bc00000| PB 0x000000070bc00000| Untracked |  0
|  13|0x000000070be00000, 0x000000070c000000, 0x000000070c000000|100%| O|  |TAMS 0x000000070be00000| PB 0x000000070be00000| Untracked |  0
|  14|0x000000070c000000, 0x000000070c200000, 0x000000070c200000|100%| O|  |TAMS 0x000000070c000000| PB 0x000000070c000000| Untracked |  0
|  15|0x000000070c200000, 0x000000070c400000, 0x000000070c400000|100%| O|  |TAMS 0x000000070c200000| PB 0x000000070c200000| Untracked |  0
|  16|0x000000070c400000, 0x000000070c600000, 0x000000070c600000|100%| O|  |TAMS 0x000000070c400000| PB 0x000000070c400000| Untracked |  0
|  17|0x000000070c600000, 0x000000070c800000, 0x000000070c800000|100%| O|  |TAMS 0x000000070c600000| PB 0x000000070c600000| Untracked |  0
|  18|0x000000070c800000, 0x000000070ca00000, 0x000000070ca00000|100%| O|  |TAMS 0x000000070c800000| PB 0x000000070c800000| Untracked |  0
|  19|0x000000070ca00000, 0x000000070cc00000, 0x000000070cc00000|100%| O|Cm|TAMS 0x000000070ca00000| PB 0x000000070ca00000| Complete |  0
|  20|0x000000070cc00000, 0x000000070ce00000, 0x000000070ce00000|100%| O|  |TAMS 0x000000070cc00000| PB 0x000000070cc00000| Untracked |  0
|  21|0x000000070ce00000, 0x000000070d000000, 0x000000070d000000|100%| O|  |TAMS 0x000000070ce00000| PB 0x000000070ce00000| Untracked |  0
|  22|0x000000070d000000, 0x000000070d200000, 0x000000070d200000|100%| O|  |TAMS 0x000000070d000000| PB 0x000000070d000000| Untracked |  0
|  23|0x000000070d200000, 0x000000070d400000, 0x000000070d400000|100%| O|Cm|TAMS 0x000000070d200000| PB 0x000000070d200000| Complete |  0
|  24|0x000000070d400000, 0x000000070d600000, 0x000000070d600000|100%|HS|  |TAMS 0x000000070d400000| PB 0x000000070d400000| Complete |  0
|  25|0x000000070d600000, 0x000000070d800000, 0x000000070d800000|100%|HS|  |TAMS 0x000000070d600000| PB 0x000000070d600000| Complete |  0
|  26|0x000000070d800000, 0x000000070da00000, 0x000000070da00000|100%| O|  |TAMS 0x000000070d800000| PB 0x000000070d800000| Untracked |  0
|  27|0x000000070da00000, 0x000000070dc00000, 0x000000070dc00000|100%| O|  |TAMS 0x000000070da00000| PB 0x000000070da00000| Untracked |  0
|  28|0x000000070dc00000, 0x000000070de00000, 0x000000070de00000|100%|HS|  |TAMS 0x000000070dc00000| PB 0x000000070dc00000| Complete |  0
|  29|0x000000070de00000, 0x000000070e000000, 0x000000070e000000|100%|HC|  |TAMS 0x000000070de00000| PB 0x000000070de00000| Complete |  0
|  30|0x000000070e000000, 0x000000070e200000, 0x000000070e200000|100%| O|  |TAMS 0x000000070e000000| PB 0x000000070e000000| Untracked |  0
|  31|0x000000070e200000, 0x000000070e400000, 0x000000070e400000|100%| O|  |TAMS 0x000000070e200000| PB 0x000000070e200000| Untracked |  0
|  32|0x000000070e400000, 0x000000070e600000, 0x000000070e600000|100%| O|  |TAMS 0x000000070e400000| PB 0x000000070e400000| Untracked |  0
|  33|0x000000070e600000, 0x000000070e800000, 0x000000070e800000|100%| O|  |TAMS 0x000000070e600000| PB 0x000000070e600000| Untracked |  0
|  34|0x000000070e800000, 0x000000070ea00000, 0x000000070ea00000|100%| O|  |TAMS 0x000000070e800000| PB 0x000000070e800000| Untracked |  0
|  35|0x000000070ea00000, 0x000000070ec00000, 0x000000070ec00000|100%| O|  |TAMS 0x000000070ea00000| PB 0x000000070ea00000| Untracked |  0
|  36|0x000000070ec00000, 0x000000070ee00000, 0x000000070ee00000|100%| O|  |TAMS 0x000000070ec00000| PB 0x000000070ec00000| Untracked |  0
|  37|0x000000070ee00000, 0x000000070f000000, 0x000000070f000000|100%| O|  |TAMS 0x000000070ee00000| PB 0x000000070ee00000| Untracked |  0
|  38|0x000000070f000000, 0x000000070f200000, 0x000000070f200000|100%| O|  |TAMS 0x000000070f000000| PB 0x000000070f000000| Untracked |  0
|  39|0x000000070f200000, 0x000000070f400000, 0x000000070f400000|100%| O|  |TAMS 0x000000070f200000| PB 0x000000070f200000| Untracked |  0
|  40|0x000000070f400000, 0x000000070f600000, 0x000000070f600000|100%| O|  |TAMS 0x000000070f400000| PB 0x000000070f400000| Untracked |  0
|  41|0x000000070f600000, 0x000000070f800000, 0x000000070f800000|100%| O|Cm|TAMS 0x000000070f600000| PB 0x000000070f600000| Complete |  0
|  42|0x000000070f800000, 0x000000070fa00000, 0x000000070fa00000|100%| O|  |TAMS 0x000000070f800000| PB 0x000000070f800000| Untracked |  0
|  43|0x000000070fa00000, 0x000000070fc00000, 0x000000070fc00000|100%| O|  |TAMS 0x000000070fa00000| PB 0x000000070fa00000| Untracked |  0
|  44|0x000000070fc00000, 0x000000070fe00000, 0x000000070fe00000|100%| O|  |TAMS 0x000000070fc00000| PB 0x000000070fc00000| Untracked |  0
|  45|0x000000070fe00000, 0x0000000710000000, 0x0000000710000000|100%| O|  |TAMS 0x000000070fe00000| PB 0x000000070fe00000| Untracked |  0
|  46|0x0000000710000000, 0x0000000710200000, 0x0000000710200000|100%| O|  |TAMS 0x0000000710000000| PB 0x0000000710000000| Untracked |  0
|  47|0x0000000710200000, 0x0000000710400000, 0x0000000710400000|100%| O|  |TAMS 0x0000000710200000| PB 0x0000000710200000| Untracked |  0
|  48|0x0000000710400000, 0x0000000710600000, 0x0000000710600000|100%| O|  |TAMS 0x0000000710400000| PB 0x0000000710400000| Untracked |  0
|  49|0x0000000710600000, 0x0000000710800000, 0x0000000710800000|100%| O|  |TAMS 0x0000000710600000| PB 0x0000000710600000| Untracked |  0
|  50|0x0000000710800000, 0x0000000710a00000, 0x0000000710a00000|100%| O|  |TAMS 0x0000000710800000| PB 0x0000000710800000| Untracked |  0
|  51|0x0000000710a00000, 0x0000000710c00000, 0x0000000710c00000|100%| O|  |TAMS 0x0000000710a00000| PB 0x0000000710a00000| Untracked |  0
|  52|0x0000000710c00000, 0x0000000710e00000, 0x0000000710e00000|100%| O|  |TAMS 0x0000000710c00000| PB 0x0000000710c00000| Untracked |  0
|  53|0x0000000710e00000, 0x0000000711000000, 0x0000000711000000|100%| O|  |TAMS 0x0000000710e00000| PB 0x0000000710e00000| Untracked |  0
|  54|0x0000000711000000, 0x0000000711200000, 0x0000000711200000|100%| O|  |TAMS 0x0000000711000000| PB 0x0000000711000000| Untracked |  0
|  55|0x0000000711200000, 0x0000000711400000, 0x0000000711400000|100%| O|  |TAMS 0x0000000711200000| PB 0x0000000711200000| Untracked |  0
|  56|0x0000000711400000, 0x0000000711600000, 0x0000000711600000|100%| O|  |TAMS 0x0000000711400000| PB 0x0000000711400000| Untracked |  0
|  57|0x0000000711600000, 0x0000000711800000, 0x0000000711800000|100%| O|  |TAMS 0x0000000711600000| PB 0x0000000711600000| Untracked |  0
|  58|0x0000000711800000, 0x0000000711a00000, 0x0000000711a00000|100%| O|  |TAMS 0x0000000711800000| PB 0x0000000711800000| Untracked |  0
|  59|0x0000000711a00000, 0x0000000711c00000, 0x0000000711c00000|100%| O|  |TAMS 0x0000000711a00000| PB 0x0000000711a00000| Untracked |  0
|  60|0x0000000711c00000, 0x0000000711e00000, 0x0000000711e00000|100%| O|  |TAMS 0x0000000711c00000| PB 0x0000000711c00000| Untracked |  0
|  61|0x0000000711e00000, 0x0000000712000000, 0x0000000712000000|100%| O|Cm|TAMS 0x0000000711e00000| PB 0x0000000711e00000| Complete |  0
|  62|0x0000000712000000, 0x0000000712200000, 0x0000000712200000|100%| O|Cm|TAMS 0x0000000712000000| PB 0x0000000712000000| Complete |  0
|  63|0x0000000712200000, 0x0000000712400000, 0x0000000712400000|100%| O|  |TAMS 0x0000000712200000| PB 0x0000000712200000| Untracked |  0
|  64|0x0000000712400000, 0x0000000712600000, 0x0000000712600000|100%| O|Cm|TAMS 0x0000000712400000| PB 0x0000000712400000| Complete |  0
|  65|0x0000000712600000, 0x0000000712800000, 0x0000000712800000|100%| O|  |TAMS 0x0000000712600000| PB 0x0000000712600000| Untracked |  0
|  66|0x0000000712800000, 0x0000000712a00000, 0x0000000712a00000|100%| O|  |TAMS 0x0000000712800000| PB 0x0000000712800000| Untracked |  0
|  67|0x0000000712a00000, 0x0000000712c00000, 0x0000000712c00000|100%| O|  |TAMS 0x0000000712a00000| PB 0x0000000712a00000| Untracked |  0
|  68|0x0000000712c00000, 0x0000000712e00000, 0x0000000712e00000|100%| O|  |TAMS 0x0000000712c00000| PB 0x0000000712c00000| Untracked |  0
|  69|0x0000000712e00000, 0x0000000713000000, 0x0000000713000000|100%| O|  |TAMS 0x0000000712e00000| PB 0x0000000712e00000| Untracked |  0
|  70|0x0000000713000000, 0x0000000713200000, 0x0000000713200000|100%| O|Cm|TAMS 0x0000000713000000| PB 0x0000000713000000| Complete |  0
|  71|0x0000000713200000, 0x0000000713400000, 0x0000000713400000|100%| O|Cm|TAMS 0x0000000713200000| PB 0x0000000713200000| Complete |  0
|  72|0x0000000713400000, 0x0000000713600000, 0x0000000713600000|100%| O|Cm|TAMS 0x0000000713400000| PB 0x0000000713400000| Complete |  0
|  73|0x0000000713600000, 0x0000000713800000, 0x0000000713800000|100%| O|Cm|TAMS 0x0000000713600000| PB 0x0000000713600000| Complete |  0
|  74|0x0000000713800000, 0x0000000713800000, 0x0000000713a00000|  0%| F|  |TAMS 0x0000000713800000| PB 0x0000000713800000| Untracked |  0
|  75|0x0000000713a00000, 0x0000000713c00000, 0x0000000713c00000|100%| O|  |TAMS 0x0000000713a00000| PB 0x0000000713a00000| Untracked |  0
|  76|0x0000000713c00000, 0x0000000713e00000, 0x0000000713e00000|100%| O|  |TAMS 0x0000000713c00000| PB 0x0000000713c00000| Untracked |  0
|  77|0x0000000713e00000, 0x0000000714000000, 0x0000000714000000|100%| O|  |TAMS 0x0000000713e00000| PB 0x0000000713e00000| Untracked |  0
|  78|0x0000000714000000, 0x0000000714200000, 0x0000000714200000|100%| O|  |TAMS 0x0000000714000000| PB 0x0000000714000000| Untracked |  0
|  79|0x0000000714200000, 0x0000000714400000, 0x0000000714400000|100%| O|  |TAMS 0x0000000714200000| PB 0x0000000714200000| Untracked |  0
|  80|0x0000000714400000, 0x0000000714600000, 0x0000000714600000|100%| O|  |TAMS 0x0000000714400000| PB 0x0000000714400000| Untracked |  0
|  81|0x0000000714600000, 0x0000000714800000, 0x0000000714800000|100%| O|  |TAMS 0x0000000714600000| PB 0x0000000714600000| Untracked |  0
|  82|0x0000000714800000, 0x00000007148ca4d0, 0x0000000714a00000| 39%| O|  |TAMS 0x0000000714800000| PB 0x0000000714800000| Untracked |  0
|  83|0x0000000714a00000, 0x0000000714c00000, 0x0000000714c00000|100%|HS|  |TAMS 0x0000000714a00000| PB 0x0000000714a00000| Complete |  0
|  84|0x0000000714c00000, 0x0000000714e00000, 0x0000000714e00000|100%|HC|  |TAMS 0x0000000714c00000| PB 0x0000000714c00000| Complete |  0
|  85|0x0000000714e00000, 0x0000000715000000, 0x0000000715000000|100%|HS|  |TAMS 0x0000000714e00000| PB 0x0000000714e00000| Complete |  0
|  86|0x0000000715000000, 0x0000000715000000, 0x0000000715200000|  0%| F|  |TAMS 0x0000000715000000| PB 0x0000000715000000| Untracked |  0
|  87|0x0000000715200000, 0x0000000715200000, 0x0000000715400000|  0%| F|  |TAMS 0x0000000715200000| PB 0x0000000715200000| Untracked |  0
|  88|0x0000000715400000, 0x0000000715400000, 0x0000000715600000|  0%| F|  |TAMS 0x0000000715400000| PB 0x0000000715400000| Untracked |  0
|  89|0x0000000715600000, 0x0000000715600000, 0x0000000715800000|  0%| F|  |TAMS 0x0000000715600000| PB 0x0000000715600000| Untracked |  0
|  90|0x0000000715800000, 0x0000000715800000, 0x0000000715a00000|  0%| F|  |TAMS 0x0000000715800000| PB 0x0000000715800000| Untracked |  0
|  91|0x0000000715a00000, 0x0000000715a00000, 0x0000000715c00000|  0%| F|  |TAMS 0x0000000715a00000| PB 0x0000000715a00000| Untracked |  0
|  92|0x0000000715c00000, 0x0000000715c00000, 0x0000000715e00000|  0%| F|  |TAMS 0x0000000715c00000| PB 0x0000000715c00000| Untracked |  0
|  93|0x0000000715e00000, 0x0000000715e00000, 0x0000000716000000|  0%| F|  |TAMS 0x0000000715e00000| PB 0x0000000715e00000| Untracked |  0
|  94|0x0000000716000000, 0x0000000716000000, 0x0000000716200000|  0%| F|  |TAMS 0x0000000716000000| PB 0x0000000716000000| Untracked |  0
|  95|0x0000000716200000, 0x0000000716200000, 0x0000000716400000|  0%| F|  |TAMS 0x0000000716200000| PB 0x0000000716200000| Untracked |  0
|  96|0x0000000716400000, 0x0000000716400000, 0x0000000716600000|  0%| F|  |TAMS 0x0000000716400000| PB 0x0000000716400000| Untracked |  0
|  97|0x0000000716600000, 0x0000000716600000, 0x0000000716800000|  0%| F|  |TAMS 0x0000000716600000| PB 0x0000000716600000| Untracked |  0
|  98|0x0000000716800000, 0x0000000716800000, 0x0000000716a00000|  0%| F|  |TAMS 0x0000000716800000| PB 0x0000000716800000| Untracked |  0
|  99|0x0000000716a00000, 0x0000000716a00000, 0x0000000716c00000|  0%| F|  |TAMS 0x0000000716a00000| PB 0x0000000716a00000| Untracked |  0
| 100|0x0000000716c00000, 0x0000000716c00000, 0x0000000716e00000|  0%| F|  |TAMS 0x0000000716c00000| PB 0x0000000716c00000| Untracked |  0
| 101|0x0000000716e00000, 0x0000000716e00000, 0x0000000717000000|  0%| F|  |TAMS 0x0000000716e00000| PB 0x0000000716e00000| Untracked |  0
| 102|0x0000000717000000, 0x0000000717000000, 0x0000000717200000|  0%| F|  |TAMS 0x0000000717000000| PB 0x0000000717000000| Untracked |  0
| 103|0x0000000717200000, 0x0000000717200000, 0x0000000717400000|  0%| F|  |TAMS 0x0000000717200000| PB 0x0000000717200000| Untracked |  0
| 104|0x0000000717400000, 0x0000000717400000, 0x0000000717600000|  0%| F|  |TAMS 0x0000000717400000| PB 0x0000000717400000| Untracked |  0
| 105|0x0000000717600000, 0x0000000717600000, 0x0000000717800000|  0%| F|  |TAMS 0x0000000717600000| PB 0x0000000717600000| Untracked |  0
| 106|0x0000000717800000, 0x0000000717800000, 0x0000000717a00000|  0%| F|  |TAMS 0x0000000717800000| PB 0x0000000717800000| Untracked |  0
| 107|0x0000000717a00000, 0x0000000717a00000, 0x0000000717c00000|  0%| F|  |TAMS 0x0000000717a00000| PB 0x0000000717a00000| Untracked |  0
| 108|0x0000000717c00000, 0x0000000717c00000, 0x0000000717e00000|  0%| F|  |TAMS 0x0000000717c00000| PB 0x0000000717c00000| Untracked |  0
| 109|0x0000000717e00000, 0x0000000717e00000, 0x0000000718000000|  0%| F|  |TAMS 0x0000000717e00000| PB 0x0000000717e00000| Untracked |  0
| 110|0x0000000718000000, 0x0000000718052320, 0x0000000718200000| 16%| S|CS|TAMS 0x0000000718000000| PB 0x0000000718000000| Complete |  0
| 111|0x0000000718200000, 0x0000000718400000, 0x0000000718400000|100%| S|CS|TAMS 0x0000000718200000| PB 0x0000000718200000| Complete |  0
| 112|0x0000000718400000, 0x0000000718600000, 0x0000000718600000|100%| S|CS|TAMS 0x0000000718400000| PB 0x0000000718400000| Complete |  0
| 113|0x0000000718600000, 0x0000000718800000, 0x0000000718800000|100%| S|CS|TAMS 0x0000000718600000| PB 0x0000000718600000| Complete |  0
| 114|0x0000000718800000, 0x0000000718a00000, 0x0000000718a00000|100%| S|CS|TAMS 0x0000000718800000| PB 0x0000000718800000| Complete |  0
| 115|0x0000000718a00000, 0x0000000718c00000, 0x0000000718c00000|100%| S|CS|TAMS 0x0000000718a00000| PB 0x0000000718a00000| Complete |  0
| 116|0x0000000718c00000, 0x0000000718e00000, 0x0000000718e00000|100%| S|CS|TAMS 0x0000000718c00000| PB 0x0000000718c00000| Complete |  0
| 117|0x0000000718e00000, 0x0000000719000000, 0x0000000719000000|100%| S|CS|TAMS 0x0000000718e00000| PB 0x0000000718e00000| Complete |  0
| 118|0x0000000719000000, 0x0000000719200000, 0x0000000719200000|100%| S|CS|TAMS 0x0000000719000000| PB 0x0000000719000000| Complete |  0
| 119|0x0000000719200000, 0x0000000719200000, 0x0000000719400000|  0%| F|  |TAMS 0x0000000719200000| PB 0x0000000719200000| Untracked |  0
| 120|0x0000000719400000, 0x0000000719400000, 0x0000000719600000|  0%| F|  |TAMS 0x0000000719400000| PB 0x0000000719400000| Untracked |  0
| 121|0x0000000719600000, 0x0000000719600000, 0x0000000719800000|  0%| F|  |TAMS 0x0000000719600000| PB 0x0000000719600000| Untracked |  0
| 122|0x0000000719800000, 0x0000000719800000, 0x0000000719a00000|  0%| F|  |TAMS 0x0000000719800000| PB 0x0000000719800000| Untracked |  0
| 123|0x0000000719a00000, 0x0000000719a00000, 0x0000000719c00000|  0%| F|  |TAMS 0x0000000719a00000| PB 0x0000000719a00000| Untracked |  0
| 124|0x0000000719c00000, 0x0000000719c00000, 0x0000000719e00000|  0%| F|  |TAMS 0x0000000719c00000| PB 0x0000000719c00000| Untracked |  0
| 125|0x0000000719e00000, 0x0000000719e00000, 0x000000071a000000|  0%| F|  |TAMS 0x0000000719e00000| PB 0x0000000719e00000| Untracked |  0
| 126|0x000000071a000000, 0x000000071a000000, 0x000000071a200000|  0%| F|  |TAMS 0x000000071a000000| PB 0x000000071a000000| Untracked |  0
| 127|0x000000071a200000, 0x000000071a200000, 0x000000071a400000|  0%| F|  |TAMS 0x000000071a200000| PB 0x000000071a200000| Untracked |  0
| 128|0x000000071a400000, 0x000000071a400000, 0x000000071a600000|  0%| F|  |TAMS 0x000000071a400000| PB 0x000000071a400000| Untracked |  0
| 129|0x000000071a600000, 0x000000071a600000, 0x000000071a800000|  0%| F|  |TAMS 0x000000071a600000| PB 0x000000071a600000| Untracked |  0
| 130|0x000000071a800000, 0x000000071a800000, 0x000000071aa00000|  0%| F|  |TAMS 0x000000071a800000| PB 0x000000071a800000| Untracked |  0
| 131|0x000000071aa00000, 0x000000071aa00000, 0x000000071ac00000|  0%| F|  |TAMS 0x000000071aa00000| PB 0x000000071aa00000| Untracked |  0
| 132|0x000000071ac00000, 0x000000071ac00000, 0x000000071ae00000|  0%| F|  |TAMS 0x000000071ac00000| PB 0x000000071ac00000| Untracked |  0
| 133|0x000000071ae00000, 0x000000071ae00000, 0x000000071b000000|  0%| F|  |TAMS 0x000000071ae00000| PB 0x000000071ae00000| Untracked |  0
| 134|0x000000071b000000, 0x000000071b000000, 0x000000071b200000|  0%| F|  |TAMS 0x000000071b000000| PB 0x000000071b000000| Untracked |  0
| 135|0x000000071b200000, 0x000000071b200000, 0x000000071b400000|  0%| F|  |TAMS 0x000000071b200000| PB 0x000000071b200000| Untracked |  0
| 136|0x000000071b400000, 0x000000071b400000, 0x000000071b600000|  0%| F|  |TAMS 0x000000071b400000| PB 0x000000071b400000| Untracked |  0
| 137|0x000000071b600000, 0x000000071b600000, 0x000000071b800000|  0%| F|  |TAMS 0x000000071b600000| PB 0x000000071b600000| Untracked |  0
| 138|0x000000071b800000, 0x000000071b800000, 0x000000071ba00000|  0%| F|  |TAMS 0x000000071b800000| PB 0x000000071b800000| Untracked |  0
| 139|0x000000071ba00000, 0x000000071ba00000, 0x000000071bc00000|  0%| F|  |TAMS 0x000000071ba00000| PB 0x000000071ba00000| Untracked |  0
| 140|0x000000071bc00000, 0x000000071bc00000, 0x000000071be00000|  0%| F|  |TAMS 0x000000071bc00000| PB 0x000000071bc00000| Untracked |  0
| 141|0x000000071be00000, 0x000000071be00000, 0x000000071c000000|  0%| F|  |TAMS 0x000000071be00000| PB 0x000000071be00000| Untracked |  0
| 142|0x000000071c000000, 0x000000071c000000, 0x000000071c200000|  0%| F|  |TAMS 0x000000071c000000| PB 0x000000071c000000| Untracked |  0
| 143|0x000000071c200000, 0x000000071c200000, 0x000000071c400000|  0%| F|  |TAMS 0x000000071c200000| PB 0x000000071c200000| Untracked |  0
| 144|0x000000071c400000, 0x000000071c400000, 0x000000071c600000|  0%| F|  |TAMS 0x000000071c400000| PB 0x000000071c400000| Untracked |  0
| 145|0x000000071c600000, 0x000000071c600000, 0x000000071c800000|  0%| F|  |TAMS 0x000000071c600000| PB 0x000000071c600000| Untracked |  0
| 146|0x000000071c800000, 0x000000071c800000, 0x000000071ca00000|  0%| F|  |TAMS 0x000000071c800000| PB 0x000000071c800000| Untracked |  0
| 147|0x000000071ca00000, 0x000000071ca00000, 0x000000071cc00000|  0%| F|  |TAMS 0x000000071ca00000| PB 0x000000071ca00000| Untracked |  0
| 148|0x000000071cc00000, 0x000000071cc00000, 0x000000071ce00000|  0%| F|  |TAMS 0x000000071cc00000| PB 0x000000071cc00000| Untracked |  0
| 149|0x000000071ce00000, 0x000000071ce00000, 0x000000071d000000|  0%| F|  |TAMS 0x000000071ce00000| PB 0x000000071ce00000| Untracked |  0
| 150|0x000000071d000000, 0x000000071d000000, 0x000000071d200000|  0%| F|  |TAMS 0x000000071d000000| PB 0x000000071d000000| Untracked |  0
| 151|0x000000071d200000, 0x000000071d200000, 0x000000071d400000|  0%| F|  |TAMS 0x000000071d200000| PB 0x000000071d200000| Untracked |  0
| 152|0x000000071d400000, 0x000000071d400000, 0x000000071d600000|  0%| F|  |TAMS 0x000000071d400000| PB 0x000000071d400000| Untracked |  0
| 153|0x000000071d600000, 0x000000071d600000, 0x000000071d800000|  0%| F|  |TAMS 0x000000071d600000| PB 0x000000071d600000| Untracked |  0
| 154|0x000000071d800000, 0x000000071d800000, 0x000000071da00000|  0%| F|  |TAMS 0x000000071d800000| PB 0x000000071d800000| Untracked |  0
| 155|0x000000071da00000, 0x000000071da00000, 0x000000071dc00000|  0%| F|  |TAMS 0x000000071da00000| PB 0x000000071da00000| Untracked |  0
| 156|0x000000071dc00000, 0x000000071dc00000, 0x000000071de00000|  0%| F|  |TAMS 0x000000071dc00000| PB 0x000000071dc00000| Untracked |  0
| 157|0x000000071de00000, 0x000000071de00000, 0x000000071e000000|  0%| F|  |TAMS 0x000000071de00000| PB 0x000000071de00000| Untracked |  0
| 158|0x000000071e000000, 0x000000071e000000, 0x000000071e200000|  0%| F|  |TAMS 0x000000071e000000| PB 0x000000071e000000| Untracked |  0
| 159|0x000000071e200000, 0x000000071e200000, 0x000000071e400000|  0%| F|  |TAMS 0x000000071e200000| PB 0x000000071e200000| Untracked |  0
| 160|0x000000071e400000, 0x000000071e400000, 0x000000071e600000|  0%| F|  |TAMS 0x000000071e400000| PB 0x000000071e400000| Untracked |  0
| 161|0x000000071e600000, 0x000000071e600000, 0x000000071e800000|  0%| F|  |TAMS 0x000000071e600000| PB 0x000000071e600000| Untracked |  0
| 162|0x000000071e800000, 0x000000071e800000, 0x000000071ea00000|  0%| F|  |TAMS 0x000000071e800000| PB 0x000000071e800000| Untracked |  0
| 163|0x000000071ea00000, 0x000000071ea00000, 0x000000071ec00000|  0%| F|  |TAMS 0x000000071ea00000| PB 0x000000071ea00000| Untracked |  0
| 164|0x000000071ec00000, 0x000000071ec00000, 0x000000071ee00000|  0%| F|  |TAMS 0x000000071ec00000| PB 0x000000071ec00000| Untracked |  0
| 165|0x000000071ee00000, 0x000000071ee00000, 0x000000071f000000|  0%| F|  |TAMS 0x000000071ee00000| PB 0x000000071ee00000| Untracked |  0
| 166|0x000000071f000000, 0x000000071f000000, 0x000000071f200000|  0%| F|  |TAMS 0x000000071f000000| PB 0x000000071f000000| Untracked |  0
| 167|0x000000071f200000, 0x000000071f200000, 0x000000071f400000|  0%| F|  |TAMS 0x000000071f200000| PB 0x000000071f200000| Untracked |  0
| 168|0x000000071f400000, 0x000000071f400000, 0x000000071f600000|  0%| F|  |TAMS 0x000000071f400000| PB 0x000000071f400000| Untracked |  0
| 169|0x000000071f600000, 0x000000071f600000, 0x000000071f800000|  0%| F|  |TAMS 0x000000071f600000| PB 0x000000071f600000| Untracked |  0
| 170|0x000000071f800000, 0x000000071f800000, 0x000000071fa00000|  0%| F|  |TAMS 0x000000071f800000| PB 0x000000071f800000| Untracked |  0
| 171|0x000000071fa00000, 0x000000071fa00000, 0x000000071fc00000|  0%| F|  |TAMS 0x000000071fa00000| PB 0x000000071fa00000| Untracked |  0
| 172|0x000000071fc00000, 0x000000071fc00000, 0x000000071fe00000|  0%| F|  |TAMS 0x000000071fc00000| PB 0x000000071fc00000| Untracked |  0
| 173|0x000000071fe00000, 0x000000071fe00000, 0x0000000720000000|  0%| F|  |TAMS 0x000000071fe00000| PB 0x000000071fe00000| Untracked |  0
| 174|0x0000000720000000, 0x0000000720000000, 0x0000000720200000|  0%| F|  |TAMS 0x0000000720000000| PB 0x0000000720000000| Untracked |  0
| 175|0x0000000720200000, 0x0000000720200000, 0x0000000720400000|  0%| F|  |TAMS 0x0000000720200000| PB 0x0000000720200000| Untracked |  0
| 176|0x0000000720400000, 0x0000000720400000, 0x0000000720600000|  0%| F|  |TAMS 0x0000000720400000| PB 0x0000000720400000| Untracked |  0
| 177|0x0000000720600000, 0x0000000720600000, 0x0000000720800000|  0%| F|  |TAMS 0x0000000720600000| PB 0x0000000720600000| Untracked |  0
| 178|0x0000000720800000, 0x0000000720800000, 0x0000000720a00000|  0%| F|  |TAMS 0x0000000720800000| PB 0x0000000720800000| Untracked |  0
| 179|0x0000000720a00000, 0x0000000720a00000, 0x0000000720c00000|  0%| F|  |TAMS 0x0000000720a00000| PB 0x0000000720a00000| Untracked |  0
| 180|0x0000000720c00000, 0x0000000720c00000, 0x0000000720e00000|  0%| F|  |TAMS 0x0000000720c00000| PB 0x0000000720c00000| Untracked |  0
| 181|0x0000000720e00000, 0x0000000720e00000, 0x0000000721000000|  0%| F|  |TAMS 0x0000000720e00000| PB 0x0000000720e00000| Untracked |  0
| 182|0x0000000721000000, 0x0000000721000000, 0x0000000721200000|  0%| F|  |TAMS 0x0000000721000000| PB 0x0000000721000000| Untracked |  0
| 183|0x0000000721200000, 0x0000000721200000, 0x0000000721400000|  0%| F|  |TAMS 0x0000000721200000| PB 0x0000000721200000| Untracked |  0
| 184|0x0000000721400000, 0x0000000721400000, 0x0000000721600000|  0%| F|  |TAMS 0x0000000721400000| PB 0x0000000721400000| Untracked |  0
| 185|0x0000000721600000, 0x0000000721600000, 0x0000000721800000|  0%| F|  |TAMS 0x0000000721600000| PB 0x0000000721600000| Untracked |  0
| 186|0x0000000721800000, 0x0000000721800000, 0x0000000721a00000|  0%| F|  |TAMS 0x0000000721800000| PB 0x0000000721800000| Untracked |  0
| 187|0x0000000721a00000, 0x0000000721a00000, 0x0000000721c00000|  0%| F|  |TAMS 0x0000000721a00000| PB 0x0000000721a00000| Untracked |  0
| 188|0x0000000721c00000, 0x0000000721c00000, 0x0000000721e00000|  0%| F|  |TAMS 0x0000000721c00000| PB 0x0000000721c00000| Untracked |  0
| 189|0x0000000721e00000, 0x0000000721e00000, 0x0000000722000000|  0%| F|  |TAMS 0x0000000721e00000| PB 0x0000000721e00000| Untracked |  0
| 190|0x0000000722000000, 0x0000000722000000, 0x0000000722200000|  0%| F|  |TAMS 0x0000000722000000| PB 0x0000000722000000| Untracked |  0
| 191|0x0000000722200000, 0x0000000722200000, 0x0000000722400000|  0%| F|  |TAMS 0x0000000722200000| PB 0x0000000722200000| Untracked |  0
| 192|0x0000000722400000, 0x0000000722400000, 0x0000000722600000|  0%| F|  |TAMS 0x0000000722400000| PB 0x0000000722400000| Untracked |  0
| 193|0x0000000722600000, 0x0000000722600000, 0x0000000722800000|  0%| F|  |TAMS 0x0000000722600000| PB 0x0000000722600000| Untracked |  0
| 194|0x0000000722800000, 0x0000000722800000, 0x0000000722a00000|  0%| F|  |TAMS 0x0000000722800000| PB 0x0000000722800000| Untracked |  0
| 195|0x0000000722a00000, 0x0000000722a00000, 0x0000000722c00000|  0%| F|  |TAMS 0x0000000722a00000| PB 0x0000000722a00000| Untracked |  0
| 196|0x0000000722c00000, 0x0000000722c00000, 0x0000000722e00000|  0%| F|  |TAMS 0x0000000722c00000| PB 0x0000000722c00000| Untracked |  0
| 197|0x0000000722e00000, 0x0000000722e00000, 0x0000000723000000|  0%| F|  |TAMS 0x0000000722e00000| PB 0x0000000722e00000| Untracked |  0
| 198|0x0000000723000000, 0x0000000723000000, 0x0000000723200000|  0%| F|  |TAMS 0x0000000723000000| PB 0x0000000723000000| Untracked |  0
| 199|0x0000000723200000, 0x0000000723200000, 0x0000000723400000|  0%| F|  |TAMS 0x0000000723200000| PB 0x0000000723200000| Untracked |  0
| 200|0x0000000723400000, 0x0000000723400000, 0x0000000723600000|  0%| F|  |TAMS 0x0000000723400000| PB 0x0000000723400000| Untracked |  0
| 201|0x0000000723600000, 0x0000000723600000, 0x0000000723800000|  0%| F|  |TAMS 0x0000000723600000| PB 0x0000000723600000| Untracked |  0
| 202|0x0000000723800000, 0x0000000723800000, 0x0000000723a00000|  0%| F|  |TAMS 0x0000000723800000| PB 0x0000000723800000| Untracked |  0
| 203|0x0000000723a00000, 0x0000000723a00000, 0x0000000723c00000|  0%| F|  |TAMS 0x0000000723a00000| PB 0x0000000723a00000| Untracked |  0
| 204|0x0000000723c00000, 0x0000000723c00000, 0x0000000723e00000|  0%| F|  |TAMS 0x0000000723c00000| PB 0x0000000723c00000| Untracked |  0
| 205|0x0000000723e00000, 0x0000000723e00000, 0x0000000724000000|  0%| F|  |TAMS 0x0000000723e00000| PB 0x0000000723e00000| Untracked |  0
| 206|0x0000000724000000, 0x0000000724000000, 0x0000000724200000|  0%| F|  |TAMS 0x0000000724000000| PB 0x0000000724000000| Untracked |  0
| 207|0x0000000724200000, 0x0000000724200000, 0x0000000724400000|  0%| F|  |TAMS 0x0000000724200000| PB 0x0000000724200000| Untracked |  0
| 208|0x0000000724400000, 0x0000000724400000, 0x0000000724600000|  0%| F|  |TAMS 0x0000000724400000| PB 0x0000000724400000| Untracked |  0
| 209|0x0000000724600000, 0x0000000724600000, 0x0000000724800000|  0%| F|  |TAMS 0x0000000724600000| PB 0x0000000724600000| Untracked |  0
| 210|0x0000000724800000, 0x0000000724800000, 0x0000000724a00000|  0%| F|  |TAMS 0x0000000724800000| PB 0x0000000724800000| Untracked |  0
| 211|0x0000000724a00000, 0x0000000724a00000, 0x0000000724c00000|  0%| F|  |TAMS 0x0000000724a00000| PB 0x0000000724a00000| Untracked |  0
| 212|0x0000000724c00000, 0x0000000724c00000, 0x0000000724e00000|  0%| F|  |TAMS 0x0000000724c00000| PB 0x0000000724c00000| Untracked |  0
| 213|0x0000000724e00000, 0x0000000724e00000, 0x0000000725000000|  0%| F|  |TAMS 0x0000000724e00000| PB 0x0000000724e00000| Untracked |  0
| 214|0x0000000725000000, 0x0000000725000000, 0x0000000725200000|  0%| F|  |TAMS 0x0000000725000000| PB 0x0000000725000000| Untracked |  0
| 215|0x0000000725200000, 0x0000000725200000, 0x0000000725400000|  0%| F|  |TAMS 0x0000000725200000| PB 0x0000000725200000| Untracked |  0
| 216|0x0000000725400000, 0x0000000725400000, 0x0000000725600000|  0%| F|  |TAMS 0x0000000725400000| PB 0x0000000725400000| Untracked |  0
| 217|0x0000000725600000, 0x0000000725600000, 0x0000000725800000|  0%| F|  |TAMS 0x0000000725600000| PB 0x0000000725600000| Untracked |  0
| 218|0x0000000725800000, 0x0000000725800000, 0x0000000725a00000|  0%| F|  |TAMS 0x0000000725800000| PB 0x0000000725800000| Untracked |  0
| 219|0x0000000725a00000, 0x0000000725a00000, 0x0000000725c00000|  0%| F|  |TAMS 0x0000000725a00000| PB 0x0000000725a00000| Untracked |  0
| 220|0x0000000725c00000, 0x0000000725c00000, 0x0000000725e00000|  0%| F|  |TAMS 0x0000000725c00000| PB 0x0000000725c00000| Untracked |  0
| 221|0x0000000725e00000, 0x0000000725e00000, 0x0000000726000000|  0%| F|  |TAMS 0x0000000725e00000| PB 0x0000000725e00000| Untracked |  0
| 222|0x0000000726000000, 0x0000000726000000, 0x0000000726200000|  0%| F|  |TAMS 0x0000000726000000| PB 0x0000000726000000| Untracked |  0
| 223|0x0000000726200000, 0x0000000726200000, 0x0000000726400000|  0%| F|  |TAMS 0x0000000726200000| PB 0x0000000726200000| Untracked |  0
| 224|0x0000000726400000, 0x0000000726400000, 0x0000000726600000|  0%| F|  |TAMS 0x0000000726400000| PB 0x0000000726400000| Untracked |  0
| 225|0x0000000726600000, 0x0000000726600000, 0x0000000726800000|  0%| F|  |TAMS 0x0000000726600000| PB 0x0000000726600000| Untracked |  0
| 226|0x0000000726800000, 0x0000000726800000, 0x0000000726a00000|  0%| F|  |TAMS 0x0000000726800000| PB 0x0000000726800000| Untracked |  0
| 227|0x0000000726a00000, 0x0000000726a00000, 0x0000000726c00000|  0%| F|  |TAMS 0x0000000726a00000| PB 0x0000000726a00000| Untracked |  0
| 228|0x0000000726c00000, 0x0000000726c00000, 0x0000000726e00000|  0%| F|  |TAMS 0x0000000726c00000| PB 0x0000000726c00000| Untracked |  0
| 229|0x0000000726e00000, 0x0000000726e00000, 0x0000000727000000|  0%| F|  |TAMS 0x0000000726e00000| PB 0x0000000726e00000| Untracked |  0
| 230|0x0000000727000000, 0x0000000727000000, 0x0000000727200000|  0%| F|  |TAMS 0x0000000727000000| PB 0x0000000727000000| Untracked |  0
| 231|0x0000000727200000, 0x0000000727200000, 0x0000000727400000|  0%| F|  |TAMS 0x0000000727200000| PB 0x0000000727200000| Untracked |  0
| 232|0x0000000727400000, 0x0000000727400000, 0x0000000727600000|  0%| F|  |TAMS 0x0000000727400000| PB 0x0000000727400000| Untracked |  0
| 233|0x0000000727600000, 0x0000000727600000, 0x0000000727800000|  0%| F|  |TAMS 0x0000000727600000| PB 0x0000000727600000| Untracked |  0
| 234|0x0000000727800000, 0x0000000727800000, 0x0000000727a00000|  0%| F|  |TAMS 0x0000000727800000| PB 0x0000000727800000| Untracked |  0
| 235|0x0000000727a00000, 0x0000000727a00000, 0x0000000727c00000|  0%| F|  |TAMS 0x0000000727a00000| PB 0x0000000727a00000| Untracked |  0
| 236|0x0000000727c00000, 0x0000000727c00000, 0x0000000727e00000|  0%| F|  |TAMS 0x0000000727c00000| PB 0x0000000727c00000| Untracked |  0
| 237|0x0000000727e00000, 0x0000000727e00000, 0x0000000728000000|  0%| F|  |TAMS 0x0000000727e00000| PB 0x0000000727e00000| Untracked |  0
| 238|0x0000000728000000, 0x0000000728000000, 0x0000000728200000|  0%| F|  |TAMS 0x0000000728000000| PB 0x0000000728000000| Untracked |  0
| 239|0x0000000728200000, 0x0000000728200000, 0x0000000728400000|  0%| F|  |TAMS 0x0000000728200000| PB 0x0000000728200000| Untracked |  0
| 240|0x0000000728400000, 0x0000000728400000, 0x0000000728600000|  0%| F|  |TAMS 0x0000000728400000| PB 0x0000000728400000| Untracked |  0
| 241|0x0000000728600000, 0x0000000728600000, 0x0000000728800000|  0%| F|  |TAMS 0x0000000728600000| PB 0x0000000728600000| Untracked |  0
| 242|0x0000000728800000, 0x0000000728800000, 0x0000000728a00000|  0%| F|  |TAMS 0x0000000728800000| PB 0x0000000728800000| Untracked |  0
| 243|0x0000000728a00000, 0x0000000728a00000, 0x0000000728c00000|  0%| F|  |TAMS 0x0000000728a00000| PB 0x0000000728a00000| Untracked |  0
| 244|0x0000000728c00000, 0x0000000728c00000, 0x0000000728e00000|  0%| F|  |TAMS 0x0000000728c00000| PB 0x0000000728c00000| Untracked |  0
| 245|0x0000000728e00000, 0x0000000728e00000, 0x0000000729000000|  0%| F|  |TAMS 0x0000000728e00000| PB 0x0000000728e00000| Untracked |  0
| 246|0x0000000729000000, 0x0000000729000000, 0x0000000729200000|  0%| F|  |TAMS 0x0000000729000000| PB 0x0000000729000000| Untracked |  0
| 247|0x0000000729200000, 0x0000000729200000, 0x0000000729400000|  0%| F|  |TAMS 0x0000000729200000| PB 0x0000000729200000| Untracked |  0
| 248|0x0000000729400000, 0x0000000729400000, 0x0000000729600000|  0%| F|  |TAMS 0x0000000729400000| PB 0x0000000729400000| Untracked |  0
| 249|0x0000000729600000, 0x0000000729600000, 0x0000000729800000|  0%| F|  |TAMS 0x0000000729600000| PB 0x0000000729600000| Untracked |  0
| 250|0x0000000729800000, 0x0000000729800000, 0x0000000729a00000|  0%| F|  |TAMS 0x0000000729800000| PB 0x0000000729800000| Untracked |  0
| 251|0x0000000729a00000, 0x0000000729a00000, 0x0000000729c00000|  0%| F|  |TAMS 0x0000000729a00000| PB 0x0000000729a00000| Untracked |  0
| 252|0x0000000729c00000, 0x0000000729c00000, 0x0000000729e00000|  0%| F|  |TAMS 0x0000000729c00000| PB 0x0000000729c00000| Untracked |  0
| 253|0x0000000729e00000, 0x0000000729e00000, 0x000000072a000000|  0%| F|  |TAMS 0x0000000729e00000| PB 0x0000000729e00000| Untracked |  0
| 254|0x000000072a000000, 0x000000072a000000, 0x000000072a200000|  0%| F|  |TAMS 0x000000072a000000| PB 0x000000072a000000| Untracked |  0
| 255|0x000000072a200000, 0x000000072a200000, 0x000000072a400000|  0%| F|  |TAMS 0x000000072a200000| PB 0x000000072a200000| Untracked |  0
| 256|0x000000072a400000, 0x000000072a400000, 0x000000072a600000|  0%| F|  |TAMS 0x000000072a400000| PB 0x000000072a400000| Untracked |  0
| 257|0x000000072a600000, 0x000000072a600000, 0x000000072a800000|  0%| F|  |TAMS 0x000000072a600000| PB 0x000000072a600000| Untracked |  0
| 359|0x0000000737200000, 0x0000000737200000, 0x0000000737400000|  0%| F|  |TAMS 0x0000000737200000| PB 0x0000000737200000| Untracked |  0
| 360|0x0000000737400000, 0x0000000737400000, 0x0000000737600000|  0%| F|  |TAMS 0x0000000737400000| PB 0x0000000737400000| Untracked |  0
| 361|0x0000000737600000, 0x0000000737600000, 0x0000000737800000|  0%| F|  |TAMS 0x0000000737600000| PB 0x0000000737600000| Untracked |  0
| 362|0x0000000737800000, 0x0000000737800000, 0x0000000737a00000|  0%| F|  |TAMS 0x0000000737800000| PB 0x0000000737800000| Untracked |  0
| 363|0x0000000737a00000, 0x0000000737a00000, 0x0000000737c00000|  0%| F|  |TAMS 0x0000000737a00000| PB 0x0000000737a00000| Untracked |  0
| 364|0x0000000737c00000, 0x0000000737c00000, 0x0000000737e00000|  0%| F|  |TAMS 0x0000000737c00000| PB 0x0000000737c00000| Untracked |  0
| 365|0x0000000737e00000, 0x0000000737e00000, 0x0000000738000000|  0%| F|  |TAMS 0x0000000737e00000| PB 0x0000000737e00000| Untracked |  0
| 366|0x0000000738000000, 0x0000000738000000, 0x0000000738200000|  0%| F|  |TAMS 0x0000000738000000| PB 0x0000000738000000| Untracked |  0
| 367|0x0000000738200000, 0x0000000738200000, 0x0000000738400000|  0%| F|  |TAMS 0x0000000738200000| PB 0x0000000738200000| Untracked |  0
| 368|0x0000000738400000, 0x0000000738400000, 0x0000000738600000|  0%| F|  |TAMS 0x0000000738400000| PB 0x0000000738400000| Untracked |  0
| 369|0x0000000738600000, 0x0000000738600000, 0x0000000738800000|  0%| F|  |TAMS 0x0000000738600000| PB 0x0000000738600000| Untracked |  0
| 370|0x0000000738800000, 0x0000000738800000, 0x0000000738a00000|  0%| F|  |TAMS 0x0000000738800000| PB 0x0000000738800000| Untracked |  0
| 371|0x0000000738a00000, 0x0000000738a00000, 0x0000000738c00000|  0%| F|  |TAMS 0x0000000738a00000| PB 0x0000000738a00000| Untracked |  0
| 372|0x0000000738c00000, 0x0000000738c00000, 0x0000000738e00000|  0%| F|  |TAMS 0x0000000738c00000| PB 0x0000000738c00000| Untracked |  0
| 373|0x0000000738e00000, 0x0000000738e00000, 0x0000000739000000|  0%| F|  |TAMS 0x0000000738e00000| PB 0x0000000738e00000| Untracked |  0
| 374|0x0000000739000000, 0x0000000739000000, 0x0000000739200000|  0%| F|  |TAMS 0x0000000739000000| PB 0x0000000739000000| Untracked |  0
| 375|0x0000000739200000, 0x00000007392648e8, 0x0000000739400000| 19%| E|  |TAMS 0x0000000739200000| PB 0x0000000739200000| Complete |  0
| 376|0x0000000739400000, 0x0000000739600000, 0x0000000739600000|100%| E|CS|TAMS 0x0000000739400000| PB 0x0000000739400000| Complete |  0
| 377|0x0000000739600000, 0x0000000739800000, 0x0000000739800000|100%| E|CS|TAMS 0x0000000739600000| PB 0x0000000739600000| Complete |  0
| 378|0x0000000739800000, 0x0000000739a00000, 0x0000000739a00000|100%| E|CS|TAMS 0x0000000739800000| PB 0x0000000739800000| Complete |  0
| 379|0x0000000739a00000, 0x0000000739c00000, 0x0000000739c00000|100%| E|CS|TAMS 0x0000000739a00000| PB 0x0000000739a00000| Complete |  0
| 380|0x0000000739c00000, 0x0000000739e00000, 0x0000000739e00000|100%| E|CS|TAMS 0x0000000739c00000| PB 0x0000000739c00000| Complete |  0
| 381|0x0000000739e00000, 0x000000073a000000, 0x000000073a000000|100%| E|CS|TAMS 0x0000000739e00000| PB 0x0000000739e00000| Complete |  0
| 382|0x000000073a000000, 0x000000073a200000, 0x000000073a200000|100%| E|CS|TAMS 0x000000073a000000| PB 0x000000073a000000| Complete |  0
| 383|0x000000073a200000, 0x000000073a400000, 0x000000073a400000|100%| E|CS|TAMS 0x000000073a200000| PB 0x000000073a200000| Complete |  0
| 384|0x000000073a400000, 0x000000073a600000, 0x000000073a600000|100%| E|CS|TAMS 0x000000073a400000| PB 0x000000073a400000| Complete |  0
| 385|0x000000073a600000, 0x000000073a800000, 0x000000073a800000|100%| E|CS|TAMS 0x000000073a600000| PB 0x000000073a600000| Complete |  0
| 386|0x000000073a800000, 0x000000073aa00000, 0x000000073aa00000|100%| E|CS|TAMS 0x000000073a800000| PB 0x000000073a800000| Complete |  0
|1965|0x00000007ffe00000, 0x0000000800000000, 0x0000000800000000|100%| E|CS|TAMS 0x00000007ffe00000| PB 0x00000007ffe00000| Complete |  0

Card table byte_map: [0x000002122fcb0000,0x0000021230460000] _byte_map_base: 0x000002122c45e000

Marking Bits: (CMBitMap*) 0x000002121563b900
 Bits: [0x0000021230460000, 0x00000212341d0000)

Polling page: 0x0000021215300000

Metaspace:
Metaspace        used 49757K, committed 50304K, reserved 1114112K
 class space     used 4759K, committed 4992K, reserved 1048576K

Usage:
  Non-class:     43.94 MB used.
      Class:      4.65 MB used.
       Both:     48.59 MB used.

Virtual space:
  Non-class space:       64.00 MB reserved,      44.25 MB ( 69%) committed,  1 nodes.
      Class space:        1.00 GB reserved,       4.88 MB ( <1%) committed,  1 nodes.
             Both:        1.06 GB reserved,      49.12 MB (  5%) committed. 

Chunk freelists:
   Non-Class:  2.98 MB
       Class:  11.14 MB
        Both:  14.12 MB

MaxMetaspaceSize: unlimited
CompressedClassSpaceSize: 1.00 GB
Initial GC threshold: 21.00 MB
Current GC threshold: 70.44 MB
CDS: on
 - commit_granule_bytes: 65536.
 - commit_granule_words: 8192.
 - virtual_space_node_default_size: 8388608.
 - enlarge_chunks_in_place: 1.
UseCompressedClassPointers 1, UseCompactObjectHeaders 0
Narrow klass pointer bits 32, Max shift 3
Narrow klass base: 0x0000000018000000, Narrow klass shift: 0
Encoding Range: [0x0000000018000000 - 0x0000000118000000), (4294967296 bytes)
Klass Range:    [0x0000000018010000 - 0x0000000059000000), (1090453504 bytes)
Klass ID Range:  [65536 - 1090519033) (1090453497)
Protection zone: [0x0000000018000000 - 0x0000000018010000), (65536 bytes)


Internal statistics:

num_allocs_failed_limit: 11.
num_arena_births: 516.
num_arena_deaths: 10.
num_vsnodes_births: 2.
num_vsnodes_deaths: 0.
num_space_committed: 787.
num_space_uncommitted: 2.
num_chunks_returned_to_freelist: 41.
num_chunks_taken_from_freelist: 2223.
num_chunk_merges: 8.
num_chunk_splits: 1545.
num_chunks_enlarged: 1202.
num_inconsistent_stats: 0.

CodeHeap 'non-profiled nmethods': size=119232Kb used=8706Kb max_used=9665Kb free=110525Kb
 bounds [0x00000212270e0000, 0x0000021227a60000, 0x000002122e550000]
CodeHeap 'profiled nmethods': size=119104Kb used=19856Kb max_used=21829Kb free=99247Kb
 bounds [0x000002121f550000, 0x0000021220ab0000, 0x00000212269a0000]
CodeHeap 'non-nmethods': size=7424Kb used=2124Kb max_used=3386Kb free=5299Kb
 bounds [0x00000212269a0000, 0x0000021226d10000, 0x00000212270e0000]
CodeCache: size=245760Kb, used=30686Kb, max_used=34880Kb, free=215071Kb
 total_blobs=12488, nmethods=11805, adapters=585, full_count=0
Compilation: enabled, stopped_count=0, restarted_count=0

Compilation events (20 events):
Event: 17.421 Thread 0x0000021236cbed00 nmethod 14091 0x0000021227821988 code [0x0000021227821a80, 0x0000021227821bc0]
Event: 17.421 Thread 0x0000021236cbed00 14095       4       java.nio.HeapByteBuffer::byteOffset (7 bytes)
Event: 17.421 Thread 0x0000021236cbed00 nmethod 14095 0x0000021227821688 code [0x0000021227821780, 0x0000021227821800]
Event: 17.421 Thread 0x0000021236cbed00 14096       4       java.nio.HeapByteBuffer::getChar (29 bytes)
Event: 17.422 Thread 0x0000021236cbed00 nmethod 14096 0x0000021227821188 code [0x0000021227821280, 0x00000212278213a0]
Event: 17.423 Thread 0x0000021242bedd50 14098       3       java.nio.HeapByteBuffer::getInt (29 bytes)
Event: 17.423 Thread 0x0000021242a143b0 14099   !   3       jdk.internal.misc.ScopedMemoryAccess::getIntUnaligned (18 bytes)
Event: 17.423 Thread 0x0000021236cbed00 14097       4       java.nio.Buffer::nextGetIndex (32 bytes)
Event: 17.423 Thread 0x0000021236cc5e80 14100   !   3       jdk.internal.misc.ScopedMemoryAccess::getIntUnalignedInternal (36 bytes)
Event: 17.423 Thread 0x00000212417e3320 nmethod 14089 0x000002122742ca08 code [0x000002122742cb00, 0x000002122742d1f0]
Event: 17.423 Thread 0x0000021236cc5e80 nmethod 14100 0x0000021220703a08 code [0x0000021220703b00, 0x0000021220703ef0]
Event: 17.423 Thread 0x0000021242a143b0 nmethod 14099 0x000002122082e108 code [0x000002122082e200, 0x000002122082e760]
Event: 17.423 Thread 0x0000021242bedd50 nmethod 14098 0x000002122038e808 code [0x000002122038e900, 0x000002122038f3e8]
Event: 17.424 Thread 0x0000021236cbed00 nmethod 14097 0x000002122742c708 code [0x000002122742c800, 0x000002122742c8a8]
Event: 17.424 Thread 0x00000212417e3320 14102       4       java.nio.HeapByteBuffer::getInt (29 bytes)
Event: 17.425 Thread 0x00000212417e3320 nmethod 14102 0x000002122742c108 code [0x000002122742c200, 0x000002122742c310]
Event: 17.426 Thread 0x0000021242a143b0 14103       3       jdk.internal.icu.util.CodePointTrie$Data16::getFromIndex (7 bytes)
Event: 17.426 Thread 0x0000021242a143b0 nmethod 14103 0x0000021220791c88 code [0x0000021220791d80, 0x0000021220791eb8]
Event: 17.430 Thread 0x0000021236cbed00 14104       4       java.lang.ClassLoader::preDefineClass (118 bytes)
Event: 17.446 Thread 0x0000021236cbed00 nmethod 14104 0x000002122742b208 code [0x000002122742b300, 0x000002122742c0e0]

GC Heap Usage History (20 events):
Event: 8.353 {heap Before GC invocations=19 (full 0):
 garbage-first heap   total reserved 4026368K, committed 352256K, used 257184K [0x000000070a400000, 0x0000000800000000)
  region size 2048K, 103 young (210944K), 4 survivors (8192K)
}
Event: 8.360 {heap After GC invocations=20 (full 0):
 garbage-first heap   total reserved 4026368K, committed 352256K, used 73861K [0x000000070a400000, 0x0000000800000000)
  region size 2048K, 13 young (26624K), 13 survivors (26624K)
}
Event: 10.290 {heap Before GC invocations=20 (full 0):
 garbage-first heap   total reserved 4026368K, committed 352256K, used 270469K [0x000000070a400000, 0x0000000800000000)
  region size 2048K, 103 young (210944K), 13 survivors (26624K)
}
Event: 10.308 {heap After GC invocations=21 (full 0):
 garbage-first heap   total reserved 4026368K, committed 352256K, used 117856K [0x000000070a400000, 0x0000000800000000)
  region size 2048K, 13 young (26624K), 13 survivors (26624K)
}
Event: 11.774 {heap Before GC invocations=21 (full 0):
 garbage-first heap   total reserved 4026368K, committed 352256K, used 244832K [0x000000070a400000, 0x0000000800000000)
  region size 2048K, 75 young (153600K), 13 survivors (26624K)
}
Event: 11.792 {heap After GC invocations=22 (full 0):
 garbage-first heap   total reserved 4026368K, committed 352256K, used 152755K [0x000000070a400000, 0x0000000800000000)
  region size 2048K, 13 young (26624K), 13 survivors (26624K)
}
Event: 13.173 {heap Before GC invocations=23 (full 0):
 garbage-first heap   total reserved 4026368K, committed 352256K, used 283827K [0x000000070a400000, 0x0000000800000000)
  region size 2048K, 79 young (161792K), 13 survivors (26624K)
}
Event: 13.182 {heap After GC invocations=24 (full 0):
 garbage-first heap   total reserved 4026368K, committed 352256K, used 156008K [0x000000070a400000, 0x0000000800000000)
  region size 2048K, 4 young (8192K), 4 survivors (8192K)
}
Event: 13.990 {heap Before GC invocations=24 (full 0):
 garbage-first heap   total reserved 4026368K, committed 352256K, used 295272K [0x000000070a400000, 0x0000000800000000)
  region size 2048K, 72 young (147456K), 4 survivors (8192K)
}
Event: 13.997 {heap After GC invocations=25 (full 0):
 garbage-first heap   total reserved 4026368K, committed 352256K, used 157001K [0x000000070a400000, 0x0000000800000000)
  region size 2048K, 7 young (14336K), 7 survivors (14336K)
}
Event: 14.483 {heap Before GC invocations=25 (full 0):
 garbage-first heap   total reserved 4026368K, committed 352256K, used 302409K [0x000000070a400000, 0x0000000800000000)
  region size 2048K, 78 young (159744K), 7 survivors (14336K)
}
Event: 14.492 {heap After GC invocations=26 (full 0):
 garbage-first heap   total reserved 4026368K, committed 352256K, used 162022K [0x000000070a400000, 0x0000000800000000)
  region size 2048K, 6 young (12288K), 6 survivors (12288K)
}
Event: 15.051 {heap Before GC invocations=26 (full 0):
 garbage-first heap   total reserved 4026368K, committed 352256K, used 309478K [0x000000070a400000, 0x0000000800000000)
  region size 2048K, 77 young (157696K), 6 survivors (12288K)
}
Event: 15.057 {heap After GC invocations=27 (full 0):
 garbage-first heap   total reserved 4026368K, committed 352256K, used 180786K [0x000000070a400000, 0x0000000800000000)
  region size 2048K, 10 young (20480K), 10 survivors (20480K)
}
Event: 15.083 {heap Before GC invocations=27 (full 0):
 garbage-first heap   total reserved 4026368K, committed 352256K, used 307762K [0x000000070a400000, 0x0000000800000000)
  region size 2048K, 73 young (149504K), 10 survivors (20480K)
}
Event: 15.106 {heap After GC invocations=28 (full 0):
 garbage-first heap   total reserved 4026368K, committed 352256K, used 174552K [0x000000070a400000, 0x0000000800000000)
  region size 2048K, 4 young (8192K), 4 survivors (8192K)
}
Event: 15.142 {heap Before GC invocations=28 (full 0):
 garbage-first heap   total reserved 4026368K, committed 352256K, used 309720K [0x000000070a400000, 0x0000000800000000)
  region size 2048K, 70 young (143360K), 4 survivors (8192K)
}
Event: 15.146 {heap After GC invocations=29 (full 0):
 garbage-first heap   total reserved 4026368K, committed 794624K, used 173630K [0x000000070a400000, 0x0000000800000000)
  region size 2048K, 4 young (8192K), 4 survivors (8192K)
}
Event: 17.038 {heap Before GC invocations=30 (full 0):
 garbage-first heap   total reserved 4026368K, committed 587776K, used 523838K [0x000000070a400000, 0x0000000800000000)
  region size 2048K, 172 young (352256K), 4 survivors (8192K)
}
Event: 17.043 {heap After GC invocations=31 (full 0):
 garbage-first heap   total reserved 4026368K, committed 587776K, used 189217K [0x000000070a400000, 0x0000000800000000)
  region size 2048K, 9 young (18432K), 9 survivors (18432K)
}

Metaspace Usage History (20 events):
Event: 8.353 {metaspace Before GC invocations=19 (full 0):
 Metaspace       used 24173K, committed 24576K, reserved 1114112K
  class space    used 2179K, committed 2368K, reserved 1048576K
}
Event: 8.360 {metaspace After GC invocations=20 (full 0):
 Metaspace       used 24173K, committed 24576K, reserved 1114112K
  class space    used 2179K, committed 2368K, reserved 1048576K
}
Event: 10.290 {metaspace Before GC invocations=20 (full 0):
 Metaspace       used 32975K, committed 33472K, reserved 1114112K
  class space    used 3039K, committed 3264K, reserved 1048576K
}
Event: 10.308 {metaspace After GC invocations=21 (full 0):
 Metaspace       used 32975K, committed 33472K, reserved 1114112K
  class space    used 3039K, committed 3264K, reserved 1048576K
}
Event: 11.774 {metaspace Before GC invocations=21 (full 0):
 Metaspace       used 36242K, committed 36800K, reserved 1114112K
  class space    used 3337K, committed 3584K, reserved 1048576K
}
Event: 11.792 {metaspace After GC invocations=22 (full 0):
 Metaspace       used 36242K, committed 36800K, reserved 1114112K
  class space    used 3337K, committed 3584K, reserved 1048576K
}
Event: 13.173 {metaspace Before GC invocations=23 (full 0):
 Metaspace       used 42504K, committed 43008K, reserved 1114112K
  class space    used 4040K, committed 4288K, reserved 1048576K
}
Event: 13.182 {metaspace After GC invocations=24 (full 0):
 Metaspace       used 42504K, committed 43008K, reserved 1114112K
  class space    used 4040K, committed 4288K, reserved 1048576K
}
Event: 13.990 {metaspace Before GC invocations=24 (full 0):
 Metaspace       used 42795K, committed 43328K, reserved 1114112K
  class space    used 4059K, committed 4288K, reserved 1048576K
}
Event: 13.997 {metaspace After GC invocations=25 (full 0):
 Metaspace       used 42795K, committed 43328K, reserved 1114112K
  class space    used 4059K, committed 4288K, reserved 1048576K
}
Event: 14.483 {metaspace Before GC invocations=25 (full 0):
 Metaspace       used 42796K, committed 43328K, reserved 1114112K
  class space    used 4059K, committed 4288K, reserved 1048576K
}
Event: 14.492 {metaspace After GC invocations=26 (full 0):
 Metaspace       used 42796K, committed 43328K, reserved 1114112K
  class space    used 4059K, committed 4288K, reserved 1048576K
}
Event: 15.051 {metaspace Before GC invocations=26 (full 0):
 Metaspace       used 42802K, committed 43328K, reserved 1114112K
  class space    used 4059K, committed 4288K, reserved 1048576K
}
Event: 15.057 {metaspace After GC invocations=27 (full 0):
 Metaspace       used 42802K, committed 43328K, reserved 1114112K
  class space    used 4059K, committed 4288K, reserved 1048576K
}
Event: 15.083 {metaspace Before GC invocations=27 (full 0):
 Metaspace       used 42803K, committed 43328K, reserved 1114112K
  class space    used 4059K, committed 4288K, reserved 1048576K
}
Event: 15.106 {metaspace After GC invocations=28 (full 0):
 Metaspace       used 42803K, committed 43328K, reserved 1114112K
  class space    used 4059K, committed 4288K, reserved 1048576K
}
Event: 15.142 {metaspace Before GC invocations=28 (full 0):
 Metaspace       used 42804K, committed 43328K, reserved 1114112K
  class space    used 4059K, committed 4288K, reserved 1048576K
}
Event: 15.146 {metaspace After GC invocations=29 (full 0):
 Metaspace       used 42804K, committed 43328K, reserved 1114112K
  class space    used 4059K, committed 4288K, reserved 1048576K
}
Event: 17.039 {metaspace Before GC invocations=30 (full 0):
 Metaspace       used 43190K, committed 43712K, reserved 1114112K
  class space    used 4089K, committed 4352K, reserved 1048576K
}
Event: 17.043 {metaspace After GC invocations=31 (full 0):
 Metaspace       used 43190K, committed 43712K, reserved 1114112K
  class space    used 4089K, committed 4352K, reserved 1048576K
}

Dll operation events (9 events):
Event: 0.007 Loaded shared library C:\Program Files\Java\jdk-25\bin\java.dll
Event: 0.037 Loaded shared library C:\Program Files\Java\jdk-25\bin\net.dll
Event: 0.039 Loaded shared library C:\Program Files\Java\jdk-25\bin\nio.dll
Event: 0.042 Loaded shared library C:\Program Files\Java\jdk-25\bin\zip.dll
Event: 0.181 Loaded shared library C:\Maven\apache-maven-3.9.14-bin\apache-maven-3.9.14\lib\jansi-native\Windows\x86_64\jansi.dll
Event: 0.181 Loaded shared library C:\Program Files\Java\jdk-25\bin\jimage.dll
Event: 0.194 Loaded shared library C:\Program Files\Java\jdk-25\bin\verify.dll
Event: 17.346 Loaded shared library C:\Program Files\Java\jdk-25\bin\sunmscapi.dll
Event: 17.368 Loaded shared library C:\Program Files\Java\jdk-25\bin\extnet.dll

Deoptimization events (20 events):
Event: 17.374 Thread 0x0000021215047ca0 Uncommon trap: trap_request=0xffffffde fr.pc=0x000002122774aa40 relative=0x00000000000037c0
Event: 17.374 Thread 0x0000021215047ca0 Uncommon trap: reason=class_check action=maybe_recompile pc=0x000002122774aa40 method=io.quarkus.bootstrap.json.Json$JsonObjectBuilder.appendTo(Ljava/lang/Appendable;)V @ 3 c2
Event: 17.374 Thread 0x0000021215047ca0 DEOPT PACKING pc=0x000002122774aa40 sp=0x00000074573fddc0
Event: 17.374 Thread 0x0000021215047ca0 DEOPT UNPACKING pc=0x0000021226abfc02 sp=0x00000074573fde00 mode 2
Event: 17.374 Thread 0x0000021215047ca0 Uncommon trap: trap_request=0xffffffde fr.pc=0x00000212273f1670 relative=0x0000000000000d70
Event: 17.374 Thread 0x0000021215047ca0 Uncommon trap: reason=class_check action=maybe_recompile pc=0x00000212273f1670 method=io.quarkus.bootstrap.json.Json.appendStringValue(Ljava/lang/Appendable;Ljava/lang/String;)V @ 3 c2
Event: 17.374 Thread 0x0000021215047ca0 DEOPT PACKING pc=0x00000212273f1670 sp=0x00000074573fdda0
Event: 17.374 Thread 0x0000021215047ca0 DEOPT UNPACKING pc=0x0000021226abfc02 sp=0x00000074573fdd18 mode 2
Event: 17.374 Thread 0x0000021215047ca0 Uncommon trap: trap_request=0xffffffde fr.pc=0x00000212273f1670 relative=0x0000000000000d70
Event: 17.374 Thread 0x0000021215047ca0 Uncommon trap: reason=class_check action=maybe_recompile pc=0x00000212273f1670 method=io.quarkus.bootstrap.json.Json.appendStringValue(Ljava/lang/Appendable;Ljava/lang/String;)V @ 3 c2
Event: 17.374 Thread 0x0000021215047ca0 DEOPT PACKING pc=0x00000212273f1670 sp=0x00000074573fdda0
Event: 17.374 Thread 0x0000021215047ca0 DEOPT UNPACKING pc=0x0000021226abfc02 sp=0x00000074573fdd18 mode 2
Event: 17.389 Thread 0x0000021215047ca0 Uncommon trap: trap_request=0xffffffc6 fr.pc=0x000002122790ed74 relative=0x0000000000000674
Event: 17.389 Thread 0x0000021215047ca0 Uncommon trap: reason=bimorphic_or_optimized_type_check action=maybe_recompile pc=0x000002122790ed74 method=sun.nio.fs.WindowsChannelFactory$Flags.toFlags(Ljava/util/Set;)Lsun/nio/fs/WindowsChannelFactory$Flags; @ 25 c2
Event: 17.389 Thread 0x0000021215047ca0 DEOPT PACKING pc=0x000002122790ed74 sp=0x00000074573fdff0
Event: 17.389 Thread 0x0000021215047ca0 DEOPT UNPACKING pc=0x0000021226abfc02 sp=0x00000074573fdf18 mode 2
Event: 17.389 Thread 0x0000021215047ca0 Uncommon trap: trap_request=0xffffff45 fr.pc=0x00000212276b9cb8 relative=0x00000000000003b8
Event: 17.389 Thread 0x0000021215047ca0 Uncommon trap: reason=unstable_if action=reinterpret pc=0x00000212276b9cb8 method=sun.nio.fs.WindowsChannelFactory.open(Ljava/lang/String;Lsun/nio/fs/WindowsChannelFactory$Flags;J)Ljava/io/FileDescriptor; @ 95 c2
Event: 17.389 Thread 0x0000021215047ca0 DEOPT PACKING pc=0x00000212276b9cb8 sp=0x00000074573fdf50
Event: 17.389 Thread 0x0000021215047ca0 DEOPT UNPACKING pc=0x0000021226abfc02 sp=0x00000074573fdec8 mode 2

Classes loaded (20 events):
Event: 17.429 Loading class sun/nio/ch/SocketOptionRegistry$RegistryKey
Event: 17.429 Loading class sun/nio/ch/SocketOptionRegistry$RegistryKey done
Event: 17.429 Loading class sun/nio/ch/SocketOptionRegistry$LazyInitialization
Event: 17.429 Loading class sun/nio/ch/SocketOptionRegistry$LazyInitialization done
Event: 17.429 Loading class sun/nio/ch/OptionKey
Event: 17.429 Loading class sun/nio/ch/OptionKey done
Event: 17.433 Loading class java/util/concurrent/CompletableFuture$UniHandle
Event: 17.433 Loading class java/util/concurrent/CompletableFuture$UniHandle done
Event: 17.434 Loading class sun/nio/ch/SelectionKeyImpl
Event: 17.434 Loading class java/nio/channels/spi/AbstractSelectionKey
Event: 17.434 Loading class java/nio/channels/SelectionKey
Event: 17.434 Loading class java/nio/channels/SelectionKey done
Event: 17.434 Loading class java/nio/channels/spi/AbstractSelectionKey done
Event: 17.434 Loading class sun/nio/ch/SelectionKeyImpl done
Event: 17.434 Loading class java/util/concurrent/CompletableFuture$UniApply
Event: 17.434 Loading class java/lang/invoke/ConstantBootstraps
Event: 17.434 Loading class java/util/concurrent/CompletableFuture$UniApply done
Event: 17.434 Loading class java/lang/invoke/ConstantBootstraps done
Event: 17.436 Loading class java/util/concurrent/CompletableFuture$UniRelay
Event: 17.436 Loading class java/util/concurrent/CompletableFuture$UniRelay done

Classes unloaded (20 events):
Event: 15.170 Thread 0x0000021236c86fd0 Unloading class 0x000000001943ea58 'org/apache/commons/cli/CommandLine$$Lambda+0x000000001943ea58'
Event: 15.170 Thread 0x0000021236c86fd0 Unloading class 0x000000001943e848 'org/apache/commons/cli/Util'
Event: 15.170 Thread 0x0000021236c86fd0 Unloading class 0x000000001943e610 'org/apache/commons/cli/CommandLine$Builder$$Lambda+0x000000001943e610'
Event: 15.170 Thread 0x0000021236c86fd0 Unloading class 0x000000001943e3e0 'org/apache/commons/cli/CommandLine$Builder'
Event: 15.171 Thread 0x0000021236c86fd0 Unloading class 0x000000001943e000 'org/apache/commons/cli/CommandLine'
Event: 15.171 Thread 0x0000021236c86fd0 Unloading class 0x000000001943dcd0 'org/apache/commons/cli/Parser$$Lambda+0x000000001943dcd0'
Event: 15.171 Thread 0x0000021236c86fd0 Unloading class 0x000000001943da60 'org/apache/commons/cli/MissingArgumentException'
Event: 15.171 Thread 0x0000021236c86fd0 Unloading class 0x000000001943d7f0 'org/apache/commons/cli/MissingOptionException'
Event: 15.171 Thread 0x0000021236c86fd0 Unloading class 0x000000001943d580 'org/apache/commons/cli/UnrecognizedOptionException'
Event: 15.171 Thread 0x0000021236c86fd0 Unloading class 0x000000001943d2e8 'org/apache/commons/cli/GnuParser'
Event: 15.171 Thread 0x0000021236c86fd0 Unloading class 0x000002123a645550 'org/apache/commons/cli/Parser'
Event: 15.171 Thread 0x0000021236c86fd0 Unloading class 0x000000001943d0d8 'org/apache/maven/cli/CleanArgument'
Event: 15.171 Thread 0x0000021236c86fd0 Unloading class 0x000000001943cec8 'org/apache/commons/cli/OptionValidator'
Event: 15.171 Thread 0x0000021236c86fd0 Unloading class 0x000000001943cc98 'org/apache/commons/cli/Option$Builder'
Event: 15.171 Thread 0x0000021236c86fd0 Unloading class 0x000000001943c730 'org/apache/commons/cli/Option'
Event: 15.171 Thread 0x0000021236c86fd0 Unloading class 0x000000001943c490 'org/apache/commons/cli/Options'
Event: 15.171 Thread 0x0000021236c86fd0 Unloading class 0x000002123a637880 'org/apache/commons/cli/CommandLineParser'
Event: 15.171 Thread 0x0000021236c86fd0 Unloading class 0x000000001943c268 'org/apache/maven/cli/CLIManager'
Event: 15.171 Thread 0x0000021236c86fd0 Unloading class 0x000000001943c000 'org/apache/commons/cli/ParseException'
Event: 15.171 Thread 0x0000021236c86fd0 Unloading class 0x0000000019432c00 'io/quarkus/bootstrap/resolver/maven/options/BootstrapMavenOptionsParser'

Classes redefined (0 events):
No events

Internal exceptions (20 events):
Event: 16.503 Thread 0x0000021215047ca0 Exception <a 'sun/nio/fs/WindowsException'{0x0000000719a07640}> (0x0000000719a07640) 
thrown [s\open\src\hotspot\share\prims\jni.cpp, line 516]
Event: 16.503 Thread 0x0000021215047ca0 Exception <a 'sun/nio/fs/WindowsException'{0x0000000719a0de28}> (0x0000000719a0de28) 
thrown [s\open\src\hotspot\share\prims\jni.cpp, line 516]
Event: 16.507 Thread 0x0000021215047ca0 Exception <a 'sun/nio/fs/WindowsException'{0x0000000719b3f930}> (0x0000000719b3f930) 
thrown [s\open\src\hotspot\share\prims\jni.cpp, line 516]
Event: 16.507 Thread 0x0000021215047ca0 Exception <a 'sun/nio/fs/WindowsException'{0x0000000719b407a0}> (0x0000000719b407a0) 
thrown [s\open\src\hotspot\share\prims\jni.cpp, line 516]
Event: 16.507 Thread 0x0000021215047ca0 Exception <a 'sun/nio/fs/WindowsException'{0x0000000719b425d0}> (0x0000000719b425d0) 
thrown [s\open\src\hotspot\share\prims\jni.cpp, line 516]
Event: 16.507 Thread 0x0000021215047ca0 Exception <a 'sun/nio/fs/WindowsException'{0x0000000719b457f0}> (0x0000000719b457f0) 
thrown [s\open\src\hotspot\share\prims\jni.cpp, line 516]
Event: 16.511 Thread 0x0000021215047ca0 Exception <a 'sun/nio/fs/WindowsException'{0x0000000719bde208}> (0x0000000719bde208) 
thrown [s\open\src\hotspot\share\prims\jni.cpp, line 516]
Event: 16.706 Thread 0x0000021215047ca0 Exception <a 'java/lang/NoSuchMethodError'{0x0000000719694110}: 'java.lang.Object java.lang.invoke.DirectMethodHandle$Holder.invokeStatic(java.lang.Object, long, java.lang.Object)'> (0x0000000719694110) 
thrown [s\open\src\hotspot\share\interpreter\linkResolver.cpp, line 804]
Event: 16.706 Thread 0x0000021215047ca0 Exception <a 'java/lang/NoSuchMethodError'{0x000000071969c260}: 'java.lang.Object java.lang.invoke.DirectMethodHandle$Holder.invokeStaticInit(java.lang.Object, long, java.lang.Object)'> (0x000000071969c260) 
thrown [s\open\src\hotspot\share\interpreter\linkResolver.cpp, line 804]
Event: 16.706 Thread 0x0000021215047ca0 Exception <a 'java/lang/NoSuchMethodError'{0x00000007196ab7c0}: 'java.lang.Object java.lang.invoke.DirectMethodHandle$Holder.newInvokeSpecial(java.lang.Object, long)'> (0x00000007196ab7c0) 
thrown [s\open\src\hotspot\share\interpreter\linkResolver.cpp, line 804]
Event: 16.712 Thread 0x0000021215047ca0 Exception <a 'java/lang/NoSuchMethodError'{0x00000007196e22b8}: 'int java.lang.invoke.DirectMethodHandle$Holder.invokeSpecialIFC(java.lang.Object, java.lang.Object, java.lang.Object)'> (0x00000007196e22b8) 
thrown [s\open\src\hotspot\share\interpreter\linkResolver.cpp, line 804]
Event: 17.035 Thread 0x0000021215047ca0 Exception <a 'sun/nio/fs/WindowsException'{0x00000007192b4eb0}> (0x00000007192b4eb0) 
thrown [s\open\src\hotspot\share\prims\jni.cpp, line 516]
Event: 17.239 Thread 0x0000021215047ca0 Exception <a 'java/lang/NoSuchMethodError'{0x000000073a35b4c8}: 'long java.lang.invoke.DirectMethodHandle$Holder.invokeSpecial(java.lang.Object, java.lang.Object)'> (0x000000073a35b4c8) 
thrown [s\open\src\hotspot\share\interpreter\linkResolver.cpp, line 804]
Event: 17.264 Thread 0x0000021215047ca0 Exception <a 'sun/nio/fs/WindowsException'{0x000000073a054df0}> (0x000000073a054df0) 
thrown [s\open\src\hotspot\share\prims\jni.cpp, line 516]
Event: 17.377 Thread 0x0000021215047ca0 Exception <a 'java/lang/NoSuchMethodError'{0x0000000739882b40}: 'void java.lang.invoke.DirectMethodHandle$Holder.invokeStatic(java.lang.Object, java.lang.Object, java.lang.Object, java.lang.Object, java.lang.Object, java.lang.Object, java.lang.Object)'> (0x0000000739882b40) 
thrown [s\open\src\hotspot\share\interpreter\linkResolver.cpp, line 804]
Event: 17.389 Thread 0x0000021215047ca0 Exception <a 'sun/nio/fs/WindowsException'{0x00000007399cff78}> (0x00000007399cff78) 
thrown [s\open\src\hotspot\share\prims\jni.cpp, line 516]
Event: 17.392 Thread 0x0000021215047ca0 Exception <a 'java/net/ConnectException'{0x00000007399e62d8}: Connection refused: getsockopt> (0x00000007399e62d8) 
thrown [s\open\src\hotspot\share\prims\jni.cpp, line 534]
Event: 17.409 Thread 0x0000021215047ca0 Exception <a 'java/lang/NoSuchMethodError'{0x0000000739667f10}: 'long java.lang.invoke.Invokers$Holder.invokeExact_MT(java.lang.Object, java.lang.Object)'> (0x0000000739667f10) 
thrown [s\open\src\hotspot\share\interpreter\linkResolver.cpp, line 804]
Event: 17.415 Thread 0x0000021241130960 Exception <a 'java/lang/NoSuchMethodError'{0x0000000739998398}: 'java.lang.Object java.lang.invoke.DirectMethodHandle$Holder.invokeSpecial(java.lang.Object, java.lang.Object, java.lang.Object, java.lang.Object, java.lang.Object, int)'> (0x0000000739998398) 
thrown [s\open\src\hotspot\share\interpreter\linkResolver.cpp, line 804]
Event: 17.424 Thread 0x0000021215047ca0 Exception <a 'java/lang/NoSuchMethodError'{0x00000007396cd6b0}: 'void java.lang.invoke.DirectMethodHandle$Holder.invokeStatic(java.lang.Object, long)'> (0x00000007396cd6b0) 
thrown [s\open\src\hotspot\share\interpreter\linkResolver.cpp, line 804]

VM Operations (20 events):
Event: 17.243 Executing non-safepoint VM operation: HandshakeAllThreads (Deoptimize)
Event: 17.244 Executing non-safepoint VM operation: HandshakeAllThreads (Deoptimize) done
Event: 17.248 Executing non-safepoint VM operation: HandshakeAllThreads (Deoptimize)
Event: 17.248 Executing non-safepoint VM operation: HandshakeAllThreads (Deoptimize) done
Event: 17.266 Executing non-safepoint VM operation: HandshakeAllThreads (Deoptimize)
Event: 17.266 Executing non-safepoint VM operation: HandshakeAllThreads (Deoptimize) done
Event: 17.288 Executing non-safepoint VM operation: HandshakeAllThreads (Deoptimize)
Event: 17.288 Executing non-safepoint VM operation: HandshakeAllThreads (Deoptimize) done
Event: 17.296 Executing non-safepoint VM operation: HandshakeAllThreads (Deoptimize)
Event: 17.296 Executing non-safepoint VM operation: HandshakeAllThreads (Deoptimize) done
Event: 17.327 Executing non-safepoint VM operation: HandshakeAllThreads (Deoptimize)
Event: 17.328 Executing non-safepoint VM operation: HandshakeAllThreads (Deoptimize) done
Event: 17.331 Executing non-safepoint VM operation: HandshakeAllThreads (Deoptimize)
Event: 17.331 Executing non-safepoint VM operation: HandshakeAllThreads (Deoptimize) done
Event: 17.364 Executing non-safepoint VM operation: HandshakeAllThreads (Deoptimize)
Event: 17.364 Executing non-safepoint VM operation: HandshakeAllThreads (Deoptimize) done
Event: 17.386 Executing non-safepoint VM operation: HandshakeAllThreads (Deoptimize)
Event: 17.386 Executing non-safepoint VM operation: HandshakeAllThreads (Deoptimize) done
Event: 17.425 Executing non-safepoint VM operation: HandshakeAllThreads (Deoptimize)
Event: 17.426 Executing non-safepoint VM operation: HandshakeAllThreads (Deoptimize) done

Memory protections (0 events):
No events

Nmethod flushes (20 events):
Event: 15.177 Thread 0x0000021236c86fd0 flushing  nmethod 0x0000021220600388
Event: 15.177 Thread 0x0000021236c86fd0 flushing  nmethod 0x0000021220600988
Event: 15.177 Thread 0x0000021236c86fd0 flushing  nmethod 0x0000021220601d88
Event: 15.177 Thread 0x0000021236c86fd0 flushing  nmethod 0x0000021220602688
Event: 15.177 Thread 0x0000021236c86fd0 flushing  nmethod 0x0000021220603008
Event: 15.177 Thread 0x0000021236c86fd0 flushing  nmethod 0x0000021220604808
Event: 15.177 Thread 0x0000021236c86fd0 flushing  nmethod 0x000002122061b408
Event: 15.177 Thread 0x0000021236c86fd0 flushing  nmethod 0x000002122061b708
Event: 15.177 Thread 0x0000021236c86fd0 flushing  nmethod 0x000002122061c408
Event: 15.177 Thread 0x0000021236c86fd0 flushing  nmethod 0x000002122061d008
Event: 15.177 Thread 0x0000021236c86fd0 flushing  nmethod 0x000002122061d808
Event: 15.177 Thread 0x0000021236c86fd0 flushing  nmethod 0x000002122061e408
Event: 15.177 Thread 0x0000021236c86fd0 flushing  nmethod 0x000002122065e888
Event: 15.177 Thread 0x0000021236c86fd0 flushing  nmethod 0x000002122065eb88
Event: 15.177 Thread 0x0000021236c86fd0 flushing  nmethod 0x000002122066d008
Event: 15.177 Thread 0x0000021236c86fd0 flushing  nmethod 0x00000212206fb588
Event: 15.177 Thread 0x0000021236c86fd0 flushing  nmethod 0x0000021220703588
Event: 15.177 Thread 0x0000021236c86fd0 flushing  nmethod 0x000002122082de08
Event: 15.177 Thread 0x0000021236c86fd0 flushing  nmethod 0x000002122082f588
Event: 15.177 Thread 0x0000021236c86fd0 flushing  nmethod 0x0000021220832e88

Events (20 events):
Event: 15.069 Thread 0x0000021241229540 Thread exited: 0x0000021241229540
Event: 15.140 Thread 0x0000021236cbed00 Thread added: 0x0000021242bedd50
Event: 15.140 Thread 0x0000021236cbed00 Thread added: 0x0000021242becd30
Event: 15.731 Thread 0x0000021242becd30 Thread exited: 0x0000021242becd30
Event: 16.042 Thread 0x0000021242bedd50 Thread exited: 0x0000021242bedd50
Event: 16.053 Thread 0x0000021241229d50 Thread exited: 0x0000021241229d50
Event: 16.386 Thread 0x0000021236cc4650 Thread exited: 0x0000021236cc4650
Event: 16.386 Thread 0x0000021236cc3630 Thread exited: 0x0000021236cc3630
Event: 16.386 Thread 0x0000021236cc4e60 Thread exited: 0x0000021236cc4e60
Event: 16.493 Thread 0x0000021236cc5e80 Thread added: 0x0000021242a14bc0
Event: 16.496 Thread 0x0000021236cc5e80 Thread added: 0x0000021242a143b0
Event: 16.706 Thread 0x0000021242a143b0 Thread exited: 0x0000021242a143b0
Event: 16.706 Thread 0x0000021242a14bc0 Thread exited: 0x0000021242a14bc0
Event: 17.056 Thread 0x0000021236cbed00 Thread added: 0x00000212417e5360
Event: 17.076 Thread 0x0000021236cbed00 Thread added: 0x00000212417e3320
Event: 17.307 Thread 0x0000021236cc5e80 Thread added: 0x0000021242a143b0
Event: 17.308 Thread 0x0000021242a143b0 Thread added: 0x0000021242becd30
Event: 17.308 Thread 0x0000021242a143b0 Thread added: 0x0000021242bedd50
Event: 17.373 Thread 0x0000021215047ca0 Thread added: 0x000002123e2c0dd0
Event: 17.387 Thread 0x0000021215047ca0 Thread added: 0x0000021241130960


Dynamic libraries:
0x00007ff6eacb0000 - 0x00007ff6eacc0000 	C:\Program Files\Java\jdk-25\bin\java.exe
0x00007ffd0f9e0000 - 0x00007ffd0fc47000 	C:\WINDOWS\SYSTEM32\ntdll.dll
0x00007ffd0e950000 - 0x00007ffd0ea19000 	C:\WINDOWS\System32\KERNEL32.DLL
0x00007ffd0c6b0000 - 0x00007ffd0caa4000 	C:\WINDOWS\System32\KERNELBASE.dll
0x00007ffd0cae0000 - 0x00007ffd0cc2b000 	C:\WINDOWS\System32\ucrtbase.dll
0x00007ffcfa490000 - 0x00007ffcfa4a7000 	C:\Program Files\Java\jdk-25\bin\jli.dll
0x00007ffcfaeb0000 - 0x00007ffcfaece000 	C:\Program Files\Java\jdk-25\bin\VCRUNTIME140.dll
0x00007ffd0ea20000 - 0x00007ffd0ebe5000 	C:\WINDOWS\System32\USER32.dll
0x00007ffd0cab0000 - 0x00007ffd0cad7000 	C:\WINDOWS\System32\win32u.dll
0x00007ffce6f20000 - 0x00007ffce71b3000 	C:\WINDOWS\WinSxS\amd64_microsoft.windows.common-controls_6595b64144ccf1df_6.0.26100.8115_none_3e075c82e3354f9c\COMCTL32.dll
0x00007ffd0f460000 - 0x00007ffd0f509000 	C:\WINDOWS\System32\msvcrt.dll
0x00007ffd0f430000 - 0x00007ffd0f45b000 	C:\WINDOWS\System32\GDI32.dll
0x00007ffd0c430000 - 0x00007ffd0c55b000 	C:\WINDOWS\System32\gdi32full.dll
0x00007ffd0cda0000 - 0x00007ffd0ce43000 	C:\WINDOWS\System32\msvcp_win.dll
0x00007ffd0d770000 - 0x00007ffd0d7a2000 	C:\WINDOWS\System32\IMM32.DLL
0x00007ffd05110000 - 0x00007ffd0511c000 	C:\Program Files\Java\jdk-25\bin\vcruntime140_1.dll
0x00007ffcc8500000 - 0x00007ffcc858d000 	C:\Program Files\Java\jdk-25\bin\msvcp140.dll
0x00007ffc5b990000 - 0x00007ffc5c7ef000 	C:\Program Files\Java\jdk-25\bin\server\jvm.dll
0x00007ffd0e010000 - 0x00007ffd0e0c6000 	C:\WINDOWS\System32\ADVAPI32.dll
0x00007ffd0ed90000 - 0x00007ffd0ee37000 	C:\WINDOWS\System32\sechost.dll
0x00007ffd0f020000 - 0x00007ffd0f138000 	C:\WINDOWS\System32\RPCRT4.dll
0x00007ffd0ee90000 - 0x00007ffd0ef10000 	C:\WINDOWS\System32\WS2_32.dll
0x00007ffd0aeb0000 - 0x00007ffd0af0e000 	C:\WINDOWS\SYSTEM32\POWRPROF.dll
0x00007ffcfff70000 - 0x00007ffcfffa6000 	C:\WINDOWS\SYSTEM32\WINMM.dll
0x00007ffd05f40000 - 0x00007ffd05f4b000 	C:\WINDOWS\SYSTEM32\VERSION.dll
0x00007ffd0ae90000 - 0x00007ffd0aea4000 	C:\WINDOWS\SYSTEM32\UMPDC.dll
0x00007ffd0b160000 - 0x00007ffd0b17b000 	C:\WINDOWS\SYSTEM32\kernel.appcore.dll
0x00007ffcfb790000 - 0x00007ffcfb79a000 	C:\Program Files\Java\jdk-25\bin\jimage.dll
0x00007ffd01e10000 - 0x00007ffd02052000 	C:\WINDOWS\SYSTEM32\DBGHELP.DLL
0x00007ffd0f510000 - 0x00007ffd0f892000 	C:\WINDOWS\System32\combase.dll
0x00007ffd0f170000 - 0x00007ffd0f248000 	C:\WINDOWS\System32\OLEAUT32.dll
0x00007ffcff710000 - 0x00007ffcff74b000 	C:\WINDOWS\SYSTEM32\dbgcore.DLL
0x00007ffd0d6c0000 - 0x00007ffd0d765000 	C:\WINDOWS\System32\bcryptPrimitives.dll
0x00007ffcf9eb0000 - 0x00007ffcf9ecf000 	C:\Program Files\Java\jdk-25\bin\java.dll
0x00007ffd0ebf0000 - 0x00007ffd0ed87000 	C:\WINDOWS\System32\ole32.dll
0x00007ffd0e1e0000 - 0x00007ffd0e947000 	C:\WINDOWS\System32\SHELL32.dll
0x00007ffd0cc30000 - 0x00007ffd0cd9a000 	C:\WINDOWS\System32\wintypes.dll
0x00007ffd0ce50000 - 0x00007ffd0d6b8000 	C:\WINDOWS\System32\windows.storage.dll
0x00007ffd0ef20000 - 0x00007ffd0f018000 	C:\WINDOWS\System32\SHCORE.dll
0x00007ffd0dfa0000 - 0x00007ffd0e006000 	C:\WINDOWS\System32\shlwapi.dll
0x00007ffd0c1d0000 - 0x00007ffd0c1f9000 	C:\WINDOWS\SYSTEM32\profapi.dll
0x00007ffcf8250000 - 0x00007ffcf8262000 	C:\Program Files\Java\jdk-25\bin\net.dll
0x00007ffd0b6d0000 - 0x00007ffd0b73c000 	C:\WINDOWS\system32\mswsock.dll
0x00007ffcf8230000 - 0x00007ffcf8246000 	C:\Program Files\Java\jdk-25\bin\nio.dll
0x00007ffcf71d0000 - 0x00007ffcf71e7000 	C:\Program Files\Java\jdk-25\bin\zip.dll
0x00007ffcf0700000 - 0x00007ffcf0724000 	C:\Maven\apache-maven-3.9.14-bin\apache-maven-3.9.14\lib\jansi-native\Windows\x86_64\jansi.dll
0x00007ffcfb3a0000 - 0x00007ffcfb3b0000 	C:\Program Files\Java\jdk-25\bin\verify.dll
0x00007ffd0b9b0000 - 0x00007ffd0b9cb000 	C:\WINDOWS\SYSTEM32\CRYPTSP.dll
0x00007ffd0b0c0000 - 0x00007ffd0b0f9000 	C:\WINDOWS\system32\rsaenh.dll
0x00007ffd0b780000 - 0x00007ffd0b7b3000 	C:\WINDOWS\SYSTEM32\USERENV.dll
0x00007ffd0c1a0000 - 0x00007ffd0c1ca000 	C:\WINDOWS\SYSTEM32\bcrypt.dll
0x00007ffd0b9d0000 - 0x00007ffd0b9dc000 	C:\WINDOWS\SYSTEM32\CRYPTBASE.dll
0x00007ffd0a9b0000 - 0x00007ffd0a9e2000 	C:\WINDOWS\SYSTEM32\IPHLPAPI.DLL
0x00007ffd0f160000 - 0x00007ffd0f16a000 	C:\WINDOWS\System32\NSI.dll
0x00007ffccda90000 - 0x00007ffccdaa8000 	C:\WINDOWS\system32\napinsp.dll
0x00007ffd0a9f0000 - 0x00007ffd0ab22000 	C:\WINDOWS\SYSTEM32\DNSAPI.dll
0x00007ffccda70000 - 0x00007ffccda83000 	C:\WINDOWS\System32\winrnr.dll
0x00007ffccda40000 - 0x00007ffccda62000 	C:\WINDOWS\system32\nlansp_c.dll
0x00007ffccda20000 - 0x00007ffccda36000 	C:\WINDOWS\system32\wshbth.dll
0x00007ffd05e30000 - 0x00007ffd05e3b000 	C:\Windows\System32\rasadhlp.dll
0x00007ffd07150000 - 0x00007ffd071d6000 	C:\WINDOWS\System32\fwpuclnt.dll
0x00007ffcfb2c0000 - 0x00007ffcfb2ce000 	C:\Program Files\Java\jdk-25\bin\sunmscapi.dll
0x00007ffd0c2b0000 - 0x00007ffd0c427000 	C:\WINDOWS\System32\CRYPT32.dll
0x00007ffd0bbd0000 - 0x00007ffd0bc00000 	C:\WINDOWS\SYSTEM32\ncrypt.dll
0x00007ffd0bb80000 - 0x00007ffd0bbbf000 	C:\WINDOWS\SYSTEM32\NTASN1.dll
0x00007ffc96e80000 - 0x00007ffc96e88000 	C:\WINDOWS\system32\wshunix.dll
0x00007ffcfaea0000 - 0x00007ffcfaea9000 	C:\Program Files\Java\jdk-25\bin\extnet.dll

JVMTI agents: none

dbghelp: loaded successfully - version: 4.0.5 - missing functions: none
symbol engine: initialized successfully - sym options: 0x614 - pdb path: .;C:\Program Files\Java\jdk-25\bin;C:\WINDOWS\SYSTEM32;C:\WINDOWS\WinSxS\amd64_microsoft.windows.common-controls_6595b64144ccf1df_6.0.26100.8115_none_3e075c82e3354f9c;C:\Program Files\Java\jdk-25\bin\server;C:\Maven\apache-maven-3.9.14-bin\apache-maven-3.9.14\lib\jansi-native\Windows\x86_64

VM Arguments:
jvm_args: --enable-native-access=ALL-UNNAMED -Dclassworlds.conf=C:\Maven\apache-maven-3.9.14-bin\apache-maven-3.9.14\bin\m2.conf -Dmaven.home=C:\Maven\apache-maven-3.9.14-bin\apache-maven-3.9.14 -Dlibrary.jansi.path=C:\Maven\apache-maven-3.9.14-bin\apache-maven-3.9.14\lib\jansi-native -Dmaven.multiModuleProjectDirectory=D:\Quarkus\Projects\lumio\lumio 
java_command: org.codehaus.plexus.classworlds.launcher.Launcher quarkus:dev
java_class_path (initial): C:\Maven\apache-maven-3.9.14-bin\apache-maven-3.9.14\boot\plexus-classworlds-2.9.0.jar
Launcher Type: SUN_STANDARD

[Global flags]
     intx CICompilerCount                          = 12                                        {product} {ergonomic}
     uint ConcGCThreads                            = 3                                         {product} {ergonomic}
     uint G1ConcRefinementThreads                  = 13                                        {product} {ergonomic}
   size_t G1HeapRegionSize                         = 2097152                                   {product} {ergonomic}
   size_t InitialHeapSize                          = 257949696                                 {product} {ergonomic}
   size_t MarkStackSize                            = 4194304                                   {product} {ergonomic}
   size_t MarkStackSizeMax                         = 536870912                                 {product} {ergonomic}
   size_t MaxHeapSize                              = 4123000832                                {product} {ergonomic}
   size_t MaxNewSize                               = 2472542208                                {product} {ergonomic}
   size_t MinHeapDeltaBytes                        = 2097152                                   {product} {ergonomic}
   size_t MinHeapSize                              = 8388608                                   {product} {ergonomic}
    uintx NonNMethodCodeHeapSize                   = 7602176                                {pd product} {ergonomic}
    uintx NonProfiledCodeHeapSize                  = 122093568                              {pd product} {ergonomic}
    uintx ProfiledCodeHeapSize                     = 121962496                              {pd product} {ergonomic}
    uintx ReservedCodeCacheSize                    = 251658240                              {pd product} {ergonomic}
     bool SegmentedCodeCache                       = true                                      {product} {ergonomic}
   size_t SoftMaxHeapSize                          = 4123000832                             {manageable} {ergonomic}
     bool UseCompressedOops                        = true                           {product lp64_product} {ergonomic}
     bool UseG1GC                                  = true                                      {product} {ergonomic}
     bool UseLargePagesIndividualAllocation        = false                                  {pd product} {ergonomic}

Logging:
Log output configuration:
 #0: stdout all=warning uptime,level,tags foldmultilines=false
 #1: stderr all=off uptime,level,tags foldmultilines=false

Release file:
IMPLEMENTOR="Oracle Corporation" 
JAVA_RUNTIME_VERSION="25.0.1+8-LTS-27" 
JAVA_VERSION="25.0.1" 
JAVA_VERSION_DATE="2025-10-21" 
LIBC="default" 
MODULES="java.base java.compiler java.datatransfer java.xml java.prefs java.desktop java.instrument java.logging java.management java.security.sasl java.naming java.rmi java.management.rmi java.net.http java.scripting java.security.jgss java.transaction.xa java.sql java.sql.rowset java.xml.crypto java.se java.smartcardio jdk.accessibility jdk.internal.jvmstat jdk.attach jdk.charsets jdk.internal.opt jdk.zipfs jdk.compiler jdk.crypto.cryptoki jdk.crypto.ec jdk.crypto.mscapi jdk.dynalink jdk.internal.ed jdk.editpad jdk.internal.vm.ci jdk.graal.compiler jdk.graal.compiler.management jdk.hotspot.agent jdk.httpserver jdk.incubator.vector jdk.internal.le jdk.internal.md jdk.jartool jdk.javadoc jdk.jcmd jdk.management jdk.management.agent jdk.jconsole jdk.jdeps jdk.jdwp.agent jdk.jdi jdk.jfr jdk.jlink jdk.jpackage jdk.jshell jdk.jsobject jdk.jstatd jdk.localedata jdk.management.jfr jdk.naming.dns jdk.naming.rmi jdk.net jdk.nio.mapmode jdk.sctp jdk.security.auth jdk.security.jgss jdk.unsupported jdk.unsupported.desktop jdk.xml.dom" 
OS_ARCH="x86_64" 
OS_NAME="Windows" 
SOURCE=".:git:862c85bc42b7 open:git:78770bfaefd2" 

Environment Variables:
JAVA_HOME=C:\Program Files\Java\jdk-25
PATH=D:\OracleDatabase\dbhomeXE\bin;C:\OracleDatabase21\dbhomeXE\bin;C:\Program Files\Common Files\Oracle\Java\javapath;C:\Python312\Scripts\;C:\Python312\;C:\Program Files\Microsoft\jdk-11.0.16.101-hotspot\bin;C:\Python310\Scripts\;C:\Python310\;C:\Windows\system32;C:\Windows;C:\Windows\System32\Wbem;C:\Windows\System32\WindowsPowerShell\v1.0\;C:\Windows\System32\OpenSSH\;C:\Program Files (x86)\NVIDIA Corporation\PhysX\Common;C:\Program Files\dotnet\;C:\ProgramData\chocolatey\bin;C:\Program Files\Java\jdk-25\bin;C:\Maven\apache-maven-3.9.14-bin\apache-maven-3.9.14\bin;C:\MinGW\bin;C:\WINDOWS\system32;C:\WINDOWS;C:\WINDOWS\System32\Wbem;C:\WINDOWS\System32\WindowsPowerShell\v1.0\;C:\WINDOWS\System32\OpenSSH\;C:\Program Files\MySQL\MySQL Server 8.0\bin;C:\Program Files\Microsoft SQL Server\150\Tools\Binn\;C:\Program Files\Microsoft SQL Server\Client SDK\ODBC\170\Tools\Binn\;C:\Program Files\Git\cmd;C:\Program Files\CMake\bin;C:\tools\php83;C:\Program Files\NVIDIA Corporation\NVIDIA app\NvDLISR;C:\Program Files (x86)\Windows Kits\10\Windows Performance Toolkit\;C:\Program Files\nodejs\;C:\Program Files\Amazon\AWSCLIV2\;C:\Program Files\Docker\Docker\resources\bin;C:\Program Files\Go\bin;C:\Users\biel0\AppData\Local\Programs\Python\Python313\Scripts\;C:\Users\biel0\AppData\Local\Programs\Python\Python313\;C:\Users\biel0\.jbang\bin;C:\Program Files\MySQL\MySQL Shell 8.0\bin\;C:\Users\biel0\AppData\Local\Microsoft\WindowsApps;C:\Users\biel0\AppData\Local\Programs\Microsoft VS Code\bin;C:\Program Files\JetBrains\IntelliJ IDEA 2022.1.1\bin;C:\Program Files\JetBrains\IntelliJ IDEA Community Edition 2022.2.3\bin;C:\Users\biel0\.dotnet\tools;C:\Users\biel0\AppData\Local\Microsoft\WindowsApps;C:\Users\biel0\AppData\Local\JetBrains\Toolbox\scripts;C:\Program Files\JetBrains\IntelliJ IDEA Community Edition 2024.2.2\bin;;C:\Program Files\JetBrains\WebStorm 2025.3.2\bin;C:\Program Files\JetBrains\JetBrains Rider 2024.2.7\bin;;C:\Users\biel0\AppData\Roaming\npm;C:\Users\biel0\.dotnet\tools;C:\Clangd\clangd_21.1.0\bin;C:\Users\biel0\go\bin
USERNAME=joao
OS=Windows_NT
PROCESSOR_IDENTIFIER=AMD64 Family 25 Model 80 Stepping 0, AuthenticAMD
TMP=C:\Users\biel0\AppData\Local\Temp
TEMP=C:\Users\biel0\AppData\Local\Temp




Compilation memory statistics disabled.

Periodic native trim disabled

---------------  S Y S T E M  ---------------

OS:
 Windows 11 , 64 bit Build 26100 (10.0.26100.8246)
OS uptime: 7 days 3:06 hours
Hyper-V role detected

CPU: total 16 (initial active 16) (16 cores per cpu, 2 threads per core) family 25 model 80 stepping 0 microcode 0xa500014, cx8, cmov, fxsr, ht, mmx, 3dnowpref, sse, sse2, sse3, ssse3, sse4a, sse4.1, sse4.2, popcnt, lzcnt, tsc, tscinvbit, avx, avx2, aes, erms, clmul, bmi1, bmi2, adx, sha, fma, vzeroupper, clflush, clflushopt, clwb, hv, rdtscp, rdpid, fsrm, f16c, cet_ss
Processor Information for processor 0
  Max Mhz: 3201, Current Mhz: 1990, Mhz Limit: 3201
Processor Information for processor 1
  Max Mhz: 3201, Current Mhz: 3201, Mhz Limit: 3201
Processor Information for processor 2
  Max Mhz: 3201, Current Mhz: 1990, Mhz Limit: 3201
Processor Information for processor 3
  Max Mhz: 3201, Current Mhz: 3201, Mhz Limit: 3201
Processor Information for processor 4
  Max Mhz: 3201, Current Mhz: 1990, Mhz Limit: 3201
Processor Information for processor 5
  Max Mhz: 3201, Current Mhz: 1990, Mhz Limit: 3201
Processor Information for processor 6
  Max Mhz: 3201, Current Mhz: 3201, Mhz Limit: 3201
Processor Information for processor 7
  Max Mhz: 3201, Current Mhz: 3201, Mhz Limit: 3201
Processor Information for processor 8
  Max Mhz: 3201, Current Mhz: 1990, Mhz Limit: 3201
Processor Information for processor 9
  Max Mhz: 3201, Current Mhz: 1990, Mhz Limit: 3201
Processor Information for processor 10
  Max Mhz: 3201, Current Mhz: 1990, Mhz Limit: 3201
Processor Information for processor 11
  Max Mhz: 3201, Current Mhz: 1990, Mhz Limit: 3201
Processor Information for processor 12
  Max Mhz: 3201, Current Mhz: 1990, Mhz Limit: 3201
Processor Information for processor 13
  Max Mhz: 3201, Current Mhz: 1990, Mhz Limit: 3201
Processor Information for processor 14
  Max Mhz: 3201, Current Mhz: 1990, Mhz Limit: 3201
Processor Information for processor 15
  Max Mhz: 3201, Current Mhz: 1990, Mhz Limit: 3201

Memory: 4k page, system-wide physical 15720M (1656M free)
TotalPageFile size 64872M (AvailPageFile size 15M)
current process WorkingSet (physical memory assigned to process): 880M, peak: 880M
current process commit charge ("private bytes"): 939M, peak: 1094M

vm_info: Java HotSpot(TM) 64-Bit Server VM (25.0.1+8-LTS-27) for windows-amd64 JRE (25.0.1+8-LTS-27), built on 2025-09-25T16:41:16Z with unknown MS VC++:1943

END.
